trp_player|Joueur
trp_player_pl|Joueur
trp_multiplayer_profile_troop_male|Profil multijoueur masculin
trp_multiplayer_profile_troop_male_pl|Profil multijoueur masculin
trp_multiplayer_profile_troop_female|Profil multijoueur féminin
trp_multiplayer_profile_troop_female_pl|Profil multijoueur féminin
trp_temp_troop|Temp Troop
trp_temp_troop_pl|Temp Troop
trp_british_infantry_ai|Infanterie de ligne britannique
trp_british_infantry_ai_pl|Infanterie de ligne 
trp_british_infantry2_ai|Infanterie de ligne germanique
trp_british_infantry2_ai_pl|Infanterie de ligne germanique
trp_british_highlander_ai|Infanterie Highland
trp_british_highlander_ai_pl|Infanterie Highland
trp_british_foot_guard_ai|Garde à pied britannique
trp_british_foot_guard_ai_pl|Gardes à pied britannique
trp_british_light_infantry_ai|Infanterie de ligne britannique
trp_british_light_infantry_ai_pl|Infanterie légère
trp_british_rifle_ai|Chasseurs à pied
trp_british_rifle_ai_pl|Chasseurs à pied
trp_british_hussar_ai|Hussards britanniques
trp_british_hussar_ai_pl|Hussards
trp_british_light_dragoon_ai|Dragon léger britannique
trp_british_light_dragoon_ai_pl|Dragons légers
trp_british_dragoon_ai|Dragon britannique
trp_british_dragoon_ai_pl|Dragons lourds
trp_british_horseguard_ai|Garde à cheval britannique
trp_british_horseguard_ai_pl|Gardes à cheval
trp_british_ship_ai|Equipage
trp_british_ship_ai_pl|Equipage
trp_british_ship_marine_ai|Infanterie de marine
trp_british_ship_marine_ai_pl|Infanterie de marine
trp_british_arty_ai|Artilleur britannique
trp_british_arty_ai_pl|Artillerie (Canon)
trp_british_arty_alt_ai|Artilleur britannique
trp_british_arty_alt_ai_pl|Artillerie (Obusier)
trp_british_rocket_ai|Roquettes britannique
trp_british_rocket_ai_pl|Roquettes d'artillerie
trp_french_infantry_ai|Infanterie de ligne française
trp_french_infantry_ai_pl|Infanterie de ligne
trp_french_infantry2_ai|Grenadier français
trp_french_infantry2_ai_pl|Grenadiers
trp_french_infantry_vistula_ai|Infanterie de ligne polonaise
trp_french_infantry_vistula_ai_pl|Infanterie de ligne polonaise
trp_french_old_guard_ai|Grenadier de la garde française
trp_french_old_guard_ai_pl|Grenadiers de la garde
trp_french_voltigeur_ai|Voltigeur français
trp_french_voltigeur_ai_pl|Voltigeurs
trp_french_hussar_ai|Hussard français
trp_french_hussar_ai_pl|Hussards
trp_french_lancer_ai|Lancier polonais
trp_french_lancer_ai_pl|Lanciers polonais
trp_french_dragoon_ai|Dragon français
trp_french_dragoon_ai_pl|Dragons
trp_french_cuirassier_ai|Cuirassier français
trp_french_cuirassier_ai_pl|Cuirassiers
trp_french_carabineer_ai|Carabinier français
trp_french_carabineer_ai_pl|Carabiniers
trp_french_grenadier_a_cheval_ai|Grenadiers à cheval francais
trp_french_grenadier_a_cheval_ai_pl|Grenadiers à cheval
trp_french_ship_ai|Equipage
trp_french_ship_ai_pl|Equipage
trp_french_ship_marine_ai|Infanterie de marine
trp_french_ship_marine_ai_pl|Infanterie de marine
trp_french_arty_ai|Française artilleur
trp_french_arty_ai_pl|Artillerie (Canon)
trp_french_arty_alt_ai|Française artilleur
trp_french_arty_alt_ai_pl|Artillerie (Obusier)
trp_prussian_infantry_ai|Infanterie de ligne prussienne
trp_prussian_infantry_ai_pl|Infanterie de ligne (Brandenburg)
trp_prussian_infantry2_ai|Infanterie de ligne prussienne
trp_prussian_infantry2_ai_pl|Infanterie de ligne (Rhen)
trp_prussian_infantry_kurmark_ai|Landwehr prussien
trp_prussian_infantry_kurmark_ai_pl|Landwehr
trp_prussian_infantry_freikorps_ai|Corps de volontaires prussien
trp_prussian_infantry_freikorps_ai_pl|Corps de volontaires
trp_prussian_infantry_15_ai|Garde à pied prussienne
trp_prussian_infantry_15_ai_pl|Gardes à pied
trp_prussian_infantry_rifle_ai|Chasseur prussien
trp_prussian_infantry_rifle_ai_pl|Chasseurs
trp_prussian_dragoon_ai|Dragon prussienne
trp_prussian_dragoon_ai_pl|Dragons
trp_prussian_hussar_ai|Hussard prussien
trp_prussian_hussar_ai_pl|Hussards
trp_prussian_landwehr_cav_ai|Lancier prussien
trp_prussian_landwehr_cav_ai_pl|Lanciers
trp_prussian_cuirassier_ai|Cuirassier prussien
trp_prussian_cuirassier_ai_pl|Cuirassiers
trp_prussian_arty_ai|Artilleur prussien
trp_prussian_arty_ai_pl|Artillerie (Canon)
trp_prussian_arty_alt_ai|Artilleur prussien
trp_prussian_arty_alt_ai_pl|Artillerie (Obusier)
trp_russian_partizan_ai|Partisan russe
trp_russian_partizan_ai_pl|Partisans
trp_russian_opol_ai|Milice russe
trp_russian_opol_ai_pl|Milice de Ligne
trp_russian_infantry_ai|Infanterie de ligne
trp_russian_infantry_ai_pl|Infanterie de ligne
trp_russian_grenadier_ai|Grenadier russe
trp_russian_grenadier_ai_pl|Grenadiers
trp_russian_foot_guard_ai|Garde à pied russe
trp_russian_foot_guard_ai_pl|Gardes à pied
trp_russian_infantry_rifle_ai|Chasseur russe
trp_russian_infantry_rifle_ai_pl|Chasseur
trp_russian_hussar_ai|Hussard russe
trp_russian_hussar_ai_pl|Hussards
trp_russian_uhlan_ai|Uhlan russe
trp_russian_uhlan_ai_pl|Uhlans
trp_russian_cossack_ai|Cosaque russe
trp_russian_cossack_ai_pl|Cosaques
trp_russian_dragoon_ai|Dragon russe
trp_russian_dragoon_ai_pl|Dragons
trp_russian_horse_guard_ai|Garde à cheval russe
trp_russian_horse_guard_ai_pl|Guardes à cheval
trp_russian_arty_ai|Artilleur russe
trp_russian_arty_ai_pl|Artillerie (Canon)
trp_russian_arty_alt_ai|Artilleur russe
trp_russian_arty_alt_ai_pl|Artillerie (Obusier)
trp_austrian_infantry_ai|Infanterie de ligne autrichienne
trp_austrian_infantry_ai_pl|Infantery de Ligne
trp_austrian_infantry2_ai|Infanterie de ligne hongroise
trp_austrian_infantry2_ai_pl|Infanterie de ligne
trp_austrian_grenzer_ai|Grenzer autrichien
trp_austrian_grenzer_ai_pl|Grenzer
trp_austrian_grenadier_ai|Grenadier hongrois
trp_austrian_grenadier_ai_pl|Grenadiers
trp_austrian_infantry_rifle_ai|Chasseur autrichien
trp_austrian_infantry_rifle_ai_pl|Chasseurs
trp_austrian_hussar_ai|Hussard autrichien
trp_austrian_hussar_ai_pl|Hussards
trp_austrian_uhlan_ai|Uhlan autrichien
trp_austrian_uhlan_ai_pl|Uhlans
trp_austrian_light_horse_ai|Cheval léger autrichien
trp_austrian_light_horse_ai_pl|Cheval légers
trp_austrian_dragoon_ai|Dragon autrichien
trp_austrian_dragoon_ai_pl|Dragons autrichien
trp_austrian_cuirassier_ai|Cuirassier
trp_austrian_cuirassier_ai_pl|Cuirassiers
trp_austrian_arty_ai|Artilleur autrichien
trp_austrian_arty_ai_pl|Artillerie (Canon)
trp_austrian_arty_alt_ai|Artilleur autrichien
trp_austrian_arty_alt_ai_pl|Artillerie (Obusier)
trp_rhine_infantry_bavaria_ai|Infanterie de ligne bavaroise
trp_rhine_infantry_bavaria_ai_pl|Infanterie de ligne bavaroise
trp_rhine_infantry_wurttemberg_ai|Infanterie de ligne Wurtembergeoise
trp_rhine_infantry_wurttemberg_ai_pl|Infanterie de ligne Wurtembergeoise
trp_rhine_infantry_saxony_ai|Infanterie de ligne saxonne
trp_rhine_infantry_saxony_ai_pl|Infanterie de ligne saxonne
trp_rhine_infantry_wurttemberg2_ai|Grenadiers dy Wurttemberger
trp_rhine_infantry_wurttemberg2_ai_pl|Grenadiers dy Wurttemberger
trp_rhine_grenadier_guard_ai|Garde grenadier westphalien
trp_rhine_grenadier_guard_ai_pl|Gardes grenadiers
trp_rhine_light_infantry_hessen_ai|Infanterie de ligne hessoise
trp_rhine_light_infantry_hessen_ai_pl|Infanterie légère
trp_rhine_light_infantry_bavaria_ai|Fusilier bavarois
trp_rhine_light_infantry_bavaria_ai_pl|Fusiliers
trp_rhine_mounted_jaeger_ai|Jägers à cheval nassoviens
trp_rhine_mounted_jaeger_ai_pl|Jägers à cheval
trp_rhine_uhlan_ai|Uhlan saxon
trp_rhine_uhlan_ai_pl|Uhlans
trp_rhine_light_dragoon_ai|Dragon léger badois
trp_rhine_light_dragoon_ai_pl|Dragons légers
trp_rhine_cuirassier_ai|Cuirassier westphalien
trp_rhine_cuirassier_ai_pl|Cuirassiers
trp_rhine_garde_du_corps_ai|Garde à cheval saxon
trp_rhine_garde_du_corps_ai_pl|Gardes à cheval
trp_rhine_arty_ai|Artilleur bavarois
trp_rhine_arty_ai_pl|Artillerie (canon)
trp_rhine_arty_alt_ai|Artilleur bavarois
trp_rhine_arty_alt_ai_pl|Artillerie (obusier)
trp_british_infantry|33ème régiment à pied
trp_british_infantry_pl|Infanterie de ligne
trp_british_infantry_nco|33ème régiment à pied
trp_british_infantry_nco_pl|Drapeau
trp_british_infantry_officer|33ème régiment à pied
trp_british_infantry_officer_pl|Officier
trp_british_infantry_drum|33ème régiment à pied
trp_british_infantry_drum_pl|tambour
trp_british_infantry_flute|33ème régiment à pied
trp_british_infantry_flute_pl|Fifre
trp_british_infantry2|Légion germanique du roi
trp_british_infantry2_pl|Infanterie de ligne
trp_british_infantry2_nco|Légion germanique du roi
trp_british_infantry2_nco_pl|Drapeau
trp_british_infantry2_officer|Légion germanique du roi
trp_british_infantry2_officer_pl|Officier
trp_british_infantry2_drum|Légion germanique du roi
trp_british_infantry2_drum_pl|Tambour
trp_british_infantry2_flute|Légion germanique du roi
trp_british_infantry2_flute_pl|Fifre
trp_british_highlander|42ème régiment de highlanders à pied
trp_british_highlander_pl|Infanterie de ligne
trp_british_highlander_nco|42ème régiment de highlanders à pied
trp_british_highlander_nco_pl|Drapeau
trp_british_highlander_officer|42ème régiment de highlanders à pied
trp_british_highlander_officer_pl|Officier
trp_british_highlander_drum|42ème régiment de highlanders à pied
trp_british_highlander_drum_pl|Tambour
trp_british_highlander_pipes|42ème régiment de highlanders à pied
trp_british_highlander_pipes_pl|Cornemuseur
trp_british_foot_guard|2ème régiment de Gardes à pied
trp_british_foot_guard_pl|Garde à pied
trp_british_foot_guard_nco|2ème régiment de Gardes à pied
trp_british_foot_guard_nco_pl|Drapeau
trp_british_foot_guard_officer|2ème régiment de Gardes à pied
trp_british_foot_guard_officer_pl|Officier
trp_british_foot_guard_drum|2ème régiment de Gardes à pied
trp_british_foot_guard_drum_pl|Tambour
trp_british_foot_guard_flute|2ème régiment de Gardes à pied
trp_british_foot_guard_flute_pl|Fifre
trp_british_light_infantry|51ème régiment à pied
trp_british_light_infantry_pl|Infanterie légère
trp_british_light_infantry_nco|51ème régiment à pied
trp_british_light_infantry_nco_pl|Drapeau
trp_british_light_infantry_officer|51ème régiment à pied
trp_british_light_infantry_officer_pl|Officier
trp_british_light_infantry_horn|51ème régiment à pied
trp_british_light_infantry_horn_pl|Corniste
trp_british_rifle|95ème régiment à pied
trp_british_rifle_pl|Chasseurs à pied
trp_british_rifle_nco|95ème régiment à pied
trp_british_rifle_nco_pl|Drapeau
trp_british_rifle_officer|95ème régiment à pied
trp_british_rifle_officer_pl|Officier
trp_british_rifle_horn|95ème régiment à pied
trp_british_rifle_horn_pl|Corniste
trp_british_hussar|1er régiment de hussards 'KGL'
trp_british_hussar_pl|Hussard
trp_british_hussar_nco|1er régiment de hussards 'KGL'
trp_british_hussar_nco_pl|Drapeau
trp_british_hussar_officer|1er régiment de hussards 'KGL'
trp_british_hussar_officer_pl|Officier
trp_british_hussar_bugle|1er régiment de hussards 'KGL'
trp_british_hussar_bugle_pl|Clairon
trp_british_light_dragoon|23ème régiment de dragons légers
trp_british_light_dragoon_pl|Cheveaux légers
trp_british_light_dragoon_nco|23ème régiment de dragons légers
trp_british_light_dragoon_nco_pl|Drapeau
trp_british_light_dragoon_officer|23ème régiment de dragons légers
trp_british_light_dragoon_officer_pl|Officier
trp_british_light_dragoon_bugle|23ème régiment de dragons légers
trp_british_light_dragoon_bugle_pl|Clairon
trp_british_dragoon|6ème régiment de dragons
trp_british_dragoon_pl|Cavalerie lourde
trp_british_dragoon_nco|6ème régiment de dragons
trp_british_dragoon_nco_pl|Drapeau
trp_british_dragoon_officer|6ème régiment de dragons
trp_british_dragoon_officer_pl|Officier
trp_british_dragoon_bugle|6ème régiment de dragons
trp_british_dragoon_bugle_pl|Clairon
trp_british_horseguard|Garde royale à cheval 'The Blues'
trp_british_horseguard_pl|Cavalerie lourde
trp_british_horseguard_nco|Garde royale à cheval 'The Blues'
trp_british_horseguard_nco_pl|Drapeau
trp_british_horseguard_officer|Garde royale à cheval 'The Blues'
trp_british_horseguard_officer_pl|Officier
trp_british_horseguard_bugle|Garde royale à cheval 'The Blues'
trp_british_horseguard_bugle_pl|Clairon
trp_british_arty|Artillerie royale à pied
trp_british_arty_pl|Artillerie
trp_british_arty_guard|Garde d'artillerie
trp_british_arty_guard_pl|Garde d'artillerie
trp_british_arty_nco|Artillerie royale à pied
trp_british_arty_nco_pl|Train d'artillerie
trp_british_arty_officer|Artillerie royale à pied
trp_british_arty_officer_pl|Officier
trp_british_rocket|Corps de fuséens
trp_british_rocket_pl|Fuséens britanniques
trp_british_medic|Chirurgien
trp_british_medic_pl|Chirurgien
trp_british_sapper|Sapeur
trp_british_sapper_pl|Troupes du génie
trp_british_ship|Equipage de navire
trp_british_ship_pl|Infanterie
trp_british_ship_cannon|Equipage de navire
trp_british_ship_cannon_pl|Artilleurs de navire
trp_british_ship_marine|Equipage de navire
trp_british_ship_marine_pl|Marine, 1st Battalion - Royal Marines
trp_british_ship_captain|Equipage
trp_british_ship_captain_pl|Capitaine de vaisseau, HMS Neptune
trp_wellington|Arthur Wellesley, duc de Wellington
trp_wellington_pl|Commandant
trp_french_infantry_nco|45ème régiment d'infanterie de ligne
trp_french_infantry_nco_pl|Porte-Aigle
trp_french_infantry_officer|45ème régiment d'infanterie de ligne
trp_french_infantry_officer_pl|Officier
trp_french_infantry_drum|45ème régiment d'infanterie de ligne
trp_french_infantry_drum_pl|Tambour
trp_french_infantry_flute|45ème régiment d'infanterie de ligne
trp_french_infantry_flute_pl|Fifre
trp_french_infantry2|84ème régiment d'infanterie de ligne
trp_french_infantry2_pl|Infanterie de ligne
trp_french_infantry2_nco|84ème régiment d'infanterie de ligne
trp_french_infantry2_nco_pl|Porte-Aigle
trp_french_infantry2_officer|84ème régiment d'infanterie de ligne
trp_french_infantry2_officer_pl|Officier
trp_french_infantry2_drum|84ème régiment d'infanterie de ligne
trp_french_infantry2_drum_pl|Tambour
trp_french_infantry2_flute|84ème régiment d'infanterie de ligne
trp_french_infantry2_flute_pl|Fifre
trp_french_infantry_vistula|Légion de la Vistule
trp_french_infantry_vistula_pl|Infanterie de ligne
trp_french_infantry_vistula_colours|Légion de la Vistule
trp_french_infantry_vistula_colours_pl|Porte-Aigle
trp_french_infantry_vistula_officer|Légion de la Vistule
trp_french_infantry_vistula_officer_pl|Officier
trp_french_infantry_vistula_drum|Légion de la Vistule
trp_french_infantry_vistula_drum_pl|Tambour
trp_french_infantry_vistula_flute|Légion de la Vistule
trp_french_infantry_vistula_flute_pl|Fifre
trp_french_old_guard|1er régiment de grenadiers de la Garde impériale
trp_french_old_guard_pl|Gardes à pied
trp_french_old_guard_nco|1er régiment de grenadiers de la Garde impériale
trp_french_old_guard_nco_pl|Porte-Aigle
trp_french_old_guard_officer|1er régiment de grenadiers de la Garde impériale
trp_french_old_guard_officer_pl|Officier
trp_french_old_guard_drum|1er régiment de grenadiers de la Garde impériale
trp_french_old_guard_drum_pl|Tambour
trp_french_old_guard_flute|1er régiment de grenadiers de la Garde impériale
trp_french_old_guard_flute_pl|Fifre
trp_french_voltigeur|15ème régiment d'infanterie Légère
trp_french_voltigeur_pl|Infanterie légère
trp_french_voltigeur_colours|15ème régiment d'infanterie Légère
trp_french_voltigeur_colours_pl|Porte-Aigle
trp_french_voltigeur_officer|15ème régiment d'infanterie Légère
trp_french_voltigeur_officer_pl|Officier
trp_french_voltigeur_horn|15ème régiment d'infanterie Légère
trp_french_voltigeur_horn_pl|Corniste
trp_french_hussar|2ème régiment de hussards
trp_french_hussar_pl|Hussard
trp_french_hussar_nco|2ème régiment de hussards
trp_french_hussar_nco_pl|Porte-Aigle
trp_french_hussar_officer|2ème régiment de hussards
trp_french_hussar_officer_pl|Officier
trp_french_hussar_trumpet|2ème régiment de hussards
trp_french_hussar_trumpet_pl|Clairon
trp_french_lancer|Régiment de chevau-légers lanciers de la Garde
trp_french_lancer_pl|Lancier
trp_french_lancer_nco|Régiment de chevau-légers lanciers de la Garde
trp_french_lancer_nco_pl|Porte-Aigle
trp_french_lancer_officer|Régiment de chevau-légers lanciers de la Garde
trp_french_lancer_officer_pl|Officier
trp_french_lancer_trumpet|Régiment de chevau-légers lanciers de la Garde
trp_french_lancer_trumpet_pl|Clairon
trp_french_dragoon|Régiment de dragons de l'Impératrice
trp_french_dragoon_pl|Dragon
trp_french_dragoon_nco|Régiment de dragons de l'Impératrice
trp_french_dragoon_nco_pl|Porte-Aigle
trp_french_dragoon_officer|Régiment de dragons de l'Impératrice
trp_french_dragoon_officer_pl|Officier
trp_french_dragoon_trumpet|Regiment de dragons de l'Impératrice
trp_french_dragoon_trumpet_pl|Clairon
trp_french_cuirassier|9ème régiment de Cuirassiers
trp_french_cuirassier_pl|Cuirassier
trp_french_cuirassier_nco|Cuirassier
trp_french_cuirassier_nco_pl|Porte-Aigle
trp_french_cuirassier_officer|Cuirassier
trp_french_cuirassier_officer_pl|Officier
trp_french_cuirassier_trumpet|Cuirassier
trp_french_cuirassier_trumpet_pl|Clairon
trp_french_carabineer|1er régiment de Carabiniers
trp_french_carabineer_pl|Carabinier
trp_french_carabineer_nco|Carabiniers
trp_french_carabineer_nco_pl|Porte-Aigle
trp_french_carabineer_officer|Carabiniers
trp_french_carabineer_officer_pl|Officier
trp_french_carabineer_trumpet|Carabiniers
trp_french_carabineer_trumpet_pl|Clairon
trp_french_grenadier_a_cheval|Grenadiers à cheval de la Garde
trp_french_grenadier_a_cheval_pl|Cavalarie lourde
trp_french_grenadier_a_cheval_nco|Grenadiers à cheval de la Garde
trp_french_grenadier_a_cheval_nco_pl|Porte-Aigle
trp_french_grenadier_a_cheval_officer|Grenadiers à cheval de la Garde
trp_french_grenadier_a_cheval_officer_pl|Officier
trp_french_grenadier_a_cheval_trumpet|Grenadiers à cheval de la Garde
trp_french_grenadier_a_cheval_trumpet_pl|Clairon
trp_french_arty|L'Artillerie
trp_french_arty_pl|Artillerie
trp_french_arty_guard|Garde d'artillerie
trp_french_arty_guard_pl|Garde d'artillerie
trp_french_arty_nco|L'Artillerie
trp_french_arty_nco_pl|Train d'artillerie
trp_french_arty_officer|L'Artillerie
trp_french_arty_officer_pl|Officier
trp_french_medic|Médecin de 2ème classe
trp_french_medic_pl|Chirurgien
trp_french_sapper|Sapeur
trp_french_sapper_pl|Troupes du génie
trp_french_ship|Equipage de navire
trp_french_ship_pl|Infanterie
trp_french_ship_cannon|Equipage de navire
trp_french_ship_cannon_pl|Artilleur de navire
trp_french_ship_marine|Equipage de navire
trp_french_ship_marine_pl|24e Bataillon de marine
trp_french_ship_captain|Capitaine de vaisseau, L'Intrépide
trp_french_ship_captain_pl|Capitaine de vaisseau, L'Intrépide
trp_napoleon|L'Empereur Napoléon Bonaparte
trp_napoleon_pl|Commandant
trp_prussian_infantry|8ème régiment d'infanterie Brandebourgeoise
trp_prussian_infantry_pl|Infanterie de ligne
trp_prussian_infantry_nco|8ème régiment d'infanterie Brandebourgeoise
trp_prussian_infantry_nco_pl|Drapeau
trp_prussian_infantry_officer|8ème régiment d'infanterie Brandebourgeoise
trp_prussian_infantry_officer_pl|Officier
trp_prussian_infantry_drum|8ème régiment d'infanterie Brandebourgeoise
trp_prussian_infantry_drum_pl|Tambour
trp_prussian_infantry_flute|8ème régiment d'infanterie Brandebourgeoise
trp_prussian_infantry_flute_pl|Fifre
trp_prussian_infantry2|23ème régiment d'infanterie du Rhin
trp_prussian_infantry2_pl|Infanterie de ligne
trp_prussian_infantry2_nco|23ème régiment d'infanterie du Rhin
trp_prussian_infantry2_nco_pl|Drapeau
trp_prussian_infantry2_officer|23ème régiment d'infanterie du Rhin
trp_prussian_infantry2_officer_pl|Officier
trp_prussian_infantry2_drum|23ème régiment d'infanterie du Rhin
trp_prussian_infantry2_drum_pl|Tambour
trp_prussian_infantry2_flute|23ème régiment d'infanterie du Rhin
trp_prussian_infantry2_flute_pl|Fifre
trp_prussian_infantry_kurmark|3ème régiment de Landwehr du Kurmark
trp_prussian_infantry_kurmark_pl|Infanterie de ligne
trp_prussian_infantry_kurmark_nco|3ème régiment de Landwehr du Kurmark
trp_prussian_infantry_kurmark_nco_pl|Drapeau
trp_prussian_infantry_kurmark_officer|3ème régiment de Landwehr du Kurmark
trp_prussian_infantry_kurmark_officer_pl|Officier
trp_prussian_infantry_kurmark_drum|3ème régiment de Landwehr du Kurmark
trp_prussian_infantry_kurmark_drum_pl|Tambour
trp_prussian_infantry_kurmark_flute|3ème régiment de Landwehr du Kurmark
trp_prussian_infantry_kurmark_flute_pl|Fifre
trp_prussian_infantry_freikorps|Corps de volontaires (Freikorps)
trp_prussian_infantry_freikorps_pl|Infanterie de ligne
trp_prussian_infantry_freikorps_nco|Corps de volontaires (Freikorps)
trp_prussian_infantry_freikorps_nco_pl|Drapeau
trp_prussian_infantry_freikorps_officer|Corps de volontaires (Freikorps)
trp_prussian_infantry_freikorps_officer_pl|Officier
trp_prussian_infantry_freikorps_drum|Corps de volontaires (Freikorps)
trp_prussian_infantry_freikorps_drum_pl|Tambour
trp_prussian_infantry_freikorps_flute|Corps de volontaires (Freikorps)
trp_prussian_infantry_freikorps_flute_pl|Fifre
trp_prussian_infantry_15|1er régiment de Gardes à pied
trp_prussian_infantry_15_pl|Gardes à pied
trp_prussian_infantry_15_nco|1er régiment de Gardes à pied
trp_prussian_infantry_15_nco_pl|Drapeau
trp_prussian_infantry_15_officer|1er régiment de Gardes à pied
trp_prussian_infantry_15_officer_pl|Officier
trp_prussian_infantry_15_drum|1er régiment de Gardes à pied
trp_prussian_infantry_15_drum_pl|Tambour
trp_prussian_infantry_15_flute|1er régiment de Gardes à pied
trp_prussian_infantry_15_flute_pl|Fifre
trp_prussian_infantry_rifle|Gardes jägers silésiens
trp_prussian_infantry_rifle_pl|Chasseurs à pied
trp_prussian_infantry_rifle_nco|Gardes jägers silésiens
trp_prussian_infantry_rifle_nco_pl|Drapeau
trp_prussian_infantry_rifle_officer|Gardes jägers silésiens
trp_prussian_infantry_rifle_officer_pl|Officier
trp_prussian_infantry_rifle_horn|Gardes jägers silésiens
trp_prussian_infantry_rifle_horn_pl|Corniste
trp_prussian_dragoon|6ème régiment de dragons du Neumark
trp_prussian_dragoon_pl|Dragon
trp_prussian_dragoon_nco|6ème régiment de dragons du Neumark
trp_prussian_dragoon_nco_pl|Drapeau
trp_prussian_dragoon_officer|6. Dragoner Regiment
trp_prussian_dragoon_officer_pl|Officier
trp_prussian_dragoon_trumpet|6. Dragoner Regiment
trp_prussian_dragoon_trumpet_pl|Clairon
trp_prussian_hussar|Hussards de la mort 'Totenkopf'
trp_prussian_hussar_pl|Hussard
trp_prussian_hussar_nco|Hussards de la mort 'Totenkopf'
trp_prussian_hussar_nco_pl|Drapeau
trp_prussian_hussar_officer|Hussards de la mort 'Totenkopf'
trp_prussian_hussar_officer_pl|Officier
trp_prussian_hussar_trumpet|Hussards de la mort 'Totenkopf'
trp_prussian_hussar_trumpet_pl|Clairon
trp_prussian_landwehr_cav|Régiment de cavaliers westphaliens
trp_prussian_landwehr_cav_pl|Lancier
trp_prussian_landwehr_cav_nco|Régiment de cavaliers westphaliens
trp_prussian_landwehr_cav_nco_pl|Drapeau
trp_prussian_landwehr_cav_officer|Régiment de cavaliers westphaliens
trp_prussian_landwehr_cav_officer_pl|Officier
trp_prussian_landwehr_cav_trumpet|Régiment de cavaliers westphaliens
trp_prussian_landwehr_cav_trumpet_pl|Clairon
trp_prussian_cuirassier|3ème régiment de cuirassiers Brandebourgeois
trp_prussian_cuirassier_pl|Cavalerie lourde
trp_prussian_cuirassier_nco|3ème régiment de cuirassiers Brandebourgeois
trp_prussian_cuirassier_nco_pl|Drapeau
trp_prussian_cuirassier_officer|3ème régiment de cuirassiers Brandebourgeois
trp_prussian_cuirassier_officer_pl|Officier
trp_prussian_cuirassier_trumpet|3ème régiment de cuirassiers Brandebourgeois
trp_prussian_cuirassier_trumpet_pl|Clairon
trp_prussian_arty|36ème régiment d'artillerie à pied
trp_prussian_arty_pl|Artillerie
trp_prussian_arty_guard|Garde d'artillerie
trp_prussian_arty_guard_pl|Garde d'artillerie
trp_prussian_arty_nco|36ème régiment d'artillerie à pied
trp_prussian_arty_nco_pl|Train d'artillerie
trp_prussian_arty_officer|36ème régiment d'artillerie à pied
trp_prussian_arty_officer_pl|Officier
trp_prussian_medic|Sanitäter
trp_prussian_medic_pl|Chirurgien
trp_prussian_sapper|4ème régiment de sapeurs de Mansfeld
trp_prussian_sapper_pl|Troupes du génie
trp_prussian_blucher|Maréchal Gebhard von Blücher
trp_prussian_blucher_pl|Commandant
trp_russian_partizan|Partisans
trp_russian_partizan_pl|Troupes irrégulières
trp_russian_opol|Opolchenie de Saint-Pétersbourg
trp_russian_opol_pl|Miliciens
trp_russian_opol_nco|Opolchenie de Saint-Pétersbourg
trp_russian_opol_nco_pl|Drapeau
trp_russian_opol_officer|Opolchenie de Saint-Pétersbourg
trp_russian_opol_officer_pl|Officier
trp_russian_infantry|Régiment d'infanterie de Simbirsk
trp_russian_infantry_pl|Infanterie de ligne
trp_russian_infantry_nco|Régiment d'infanterie de Simbirsk
trp_russian_infantry_nco_pl|Drapeau
trp_russian_infantry_officer|Régiment d'infanterie de Simbirsk
trp_russian_infantry_officer_pl|Officier
trp_russian_infantry_drum|Régiment d'infanterie de Simbirsk
trp_russian_infantry_drum_pl|Tambour
trp_russian_infantry_flute|Régiment d'infanterie de Simbirsk
trp_russian_infantry_flute_pl|Fifre
trp_russian_grenadier|Garde Pavlovski
trp_russian_grenadier_pl|Infanterie de ligne
trp_russian_grenadier_nco|Garde Pavlovski
trp_russian_grenadier_nco_pl|Drapeau
trp_russian_grenadier_officer|Garde Pavlovski
trp_russian_grenadier_officer_pl|Officier
trp_russian_grenadier_drum|Garde Pavlovski
trp_russian_grenadier_drum_pl|Tambour
trp_russian_grenadier_flute|Garde Pavlovski
trp_russian_grenadier_flute_pl|Fifre
trp_russian_foot_guard|Garde impériale 'Preobrajenski'
trp_russian_foot_guard_pl|Gardes à pied
trp_russian_foot_guard_nco|Garde impériale 'Preobrajenski'
trp_russian_foot_guard_nco_pl|Drapeau
trp_russian_foot_guard_officer|Garde impériale 'Preobrajenski'
trp_russian_foot_guard_officer_pl|Officier
trp_russian_foot_guard_drum|Garde impériale 'Preobrajenski'
trp_russian_foot_guard_drum_pl|Tambour
trp_russian_foot_guard_flute|Garde impériale 'Preobrajenski'
trp_russian_foot_guard_flute_pl|Fifre
trp_russian_infantry_rifle|21ème régiment de jägers
trp_russian_infantry_rifle_pl|Chasseurs à pied
trp_russian_infantry_rifle_nco|21ème régiment de jägers
trp_russian_infantry_rifle_nco_pl|Drapeau
trp_russian_infantry_rifle_officer|21ème régiment de jägers
trp_russian_infantry_rifle_officer_pl|Officier
trp_russian_infantry_rifle_horn|21ème régiment de jägers
trp_russian_infantry_rifle_horn_pl|Cornist
trp_russian_hussar|Hussards de Soumy
trp_russian_hussar_pl|Hussards
trp_russian_hussar_nco|régiment de hussards de Soumy
trp_russian_hussar_nco_pl|Drapeau
trp_russian_hussar_officer|régiment de hussards de Soumy
trp_russian_hussar_officer_pl|Officier
trp_russian_hussar_trumpet|régiment de hussards de Soumy
trp_russian_hussar_trumpet_pl|Clairon
trp_russian_uhlan|Régiment de uhlans lituaniens
trp_russian_uhlan_pl|Lancier
trp_russian_uhlan_nco|Régiment de uhlans lituaniens
trp_russian_uhlan_nco_pl|Drapeau
trp_russian_uhlan_officer|Lithuanian Uhlans
trp_russian_uhlan_officer_pl|Officier
trp_russian_uhlan_trumpet|Lithuanian Uhlans
trp_russian_uhlan_trumpet_pl|Clairon
trp_russian_cossack|Régiment de cosaques du Don
trp_russian_cossack_pl|Lancier
trp_russian_cossack_nco|Régiment de cosaques du Don
trp_russian_cossack_nco_pl|Drapeau
trp_russian_cossack_officer|Régiment de cosaques du Don
trp_russian_cossack_officer_pl|Officier
trp_russian_dragoon|Régiment de dragons de Kiev
trp_russian_dragoon_pl|Dragon
trp_russian_dragoon_nco|Régiment de dragons de Kiev
trp_russian_dragoon_nco_pl|Drapeau
trp_russian_dragoon_officer|Régiment de dragons de Kiev
trp_russian_dragoon_officer_pl|Officier
trp_russian_dragoon_trumpet|Régiment de dragons de Kiev
trp_russian_dragoon_trumpet_pl|Clairon
trp_russian_horse_guard|Régiment des Chevaliers-gardes
trp_russian_horse_guard_pl|Cuirassier
trp_russian_horse_guard_nco|Régiment des Chevaliers-gardes
trp_russian_horse_guard_nco_pl|Drapeau
trp_russian_horse_guard_officer|Régiment des Chevaliers-gardes
trp_russian_horse_guard_officer_pl|Officier
trp_russian_horse_guard_trumpet|Régiment des Chevaliers-gardes
trp_russian_horse_guard_trumpet_pl|Clairon
trp_russian_arty|8ème batterie 'Rota'
trp_russian_arty_pl|Artillerie
trp_russian_arty_guard|Garde d'artillerie
trp_russian_arty_guard_pl|Garde d'artillerie
trp_russian_arty_nco|Artillerie
trp_russian_arty_nco_pl|Train d'artillerie
trp_russian_arty_officer|Artillerie
trp_russian_arty_officer_pl|Officier
trp_russian_medic|Khirurg
trp_russian_medic_pl|Chirurgien
trp_russian_sapper|Sapeur
trp_russian_sapper_pl|Troupes du génie
trp_kutuzov|Maréchal Mikhail Kutuzov
trp_kutuzov_pl|Commandant
trp_austrian_infantry|14ème régiment d'infanterie de l'archiduc Rodolphe
trp_austrian_infantry_pl|Infanterie de ligne
trp_austrian_infantry_nco|14ème régiment d'infanterie de l'archiduc Rodolphe
trp_austrian_infantry_nco_pl|Drapeau
trp_austrian_infantry_officer|14ème régiment d'infanterie de l'archiduc Rodolphe
trp_austrian_infantry_officer_pl|Officier
trp_austrian_infantry_drum|14ème régiment d'infanterie de l'archiduc Rodolphe
trp_austrian_infantry_drum_pl|Tambour
trp_austrian_infantry_flute|14ème régiment d'infanterie de l'archiduc Rodolphe
trp_austrian_infantry_flute_pl|Fifre
trp_austrian_infantry2|62ème régiment d'infanterie du baron de Wacquant
trp_austrian_infantry2_pl|Infanterie de ligne
trp_austrian_infantry2_nco|62ème régiment d'infanterie  du baron de Wacquant
trp_austrian_infantry2_nco_pl|Drapeau
trp_austrian_infantry2_officer|62ème régiment d'infanterie  du baron de Wacquant
trp_austrian_infantry2_officer_pl|Officier
trp_austrian_infantry2_drum|62ème régiment d'infanterie du baron de Wacquant
trp_austrian_infantry2_drum_pl|Tambour
trp_austrian_infantry2_flute|62ème régiment d'infanterie du baron de Wacquant
trp_austrian_infantry2_flute_pl|Fifre
trp_austrian_grenzer|3ème régiment de Grenzers d'Ogulin
trp_austrian_grenzer_pl|Infanterie de ligne légère
trp_austrian_grenzer_nco|3ème régiment de Grenzers d'Ogulin
trp_austrian_grenzer_nco_pl|Drapeau
trp_austrian_grenzer_officer|3ème régiment de Grenzers d'Ogulin
trp_austrian_grenzer_officer_pl|Officier
trp_austrian_grenzer_drum|3ème régiment de Grenzers d'Ogulin
trp_austrian_grenzer_drum_pl|Tambour
trp_austrian_grenzer_flute|3ème régiment de Grenzers d'Ogulin
trp_austrian_grenzer_flute_pl|Fifre
trp_austrian_grenadier|Bataillon de grenadiers 'Purcell'
trp_austrian_grenadier_pl|Garde à pied
trp_austrian_grenadier_nco|Bataillon de grenadiers 'Purcell'
trp_austrian_grenadier_nco_pl|Drapeau
trp_austrian_grenadier_officer|Bataillon de grenadiers 'Purcell'
trp_austrian_grenadier_officer_pl|Officier
trp_austrian_grenadier_drum|Bataillon de grenadiers 'Purcell'
trp_austrian_grenadier_drum_pl|Tambour
trp_austrian_grenadier_flute|Bataillon de grenadiers 'Purcell'
trp_austrian_grenadier_flute_pl|Fifre
trp_austrian_infantry_rifle|2nd Bataillon de jägers
trp_austrian_infantry_rifle_pl|Chasseurs à pied
trp_austrian_infantry_rifle_nco|2nd Bataillon de jägers
trp_austrian_infantry_rifle_nco_pl|Drapeau
trp_austrian_infantry_rifle_officer|2nd Bataillon de jägers
trp_austrian_infantry_rifle_officer_pl|Officier
trp_austrian_infantry_rifle_horn|2nd Bataillon de jägers
trp_austrian_infantry_rifle_horn_pl|Cornist
trp_austrian_hussar|4ème régiment de hussards de Hesse-Hombourg
trp_austrian_hussar_pl|Hussards
trp_austrian_hussar_nco|4ème régiment de hussards de Hesse-Hombourg
trp_austrian_hussar_nco_pl|Drapeau
trp_austrian_hussar_officer|4ème régiment de hussards de Hesse-Hombourg
trp_austrian_hussar_officer_pl|Officier
trp_austrian_hussar_trumpet|4ème régiment de hussards de Hesse-Hombourg
trp_austrian_hussar_trumpet_pl|Clairon
trp_austrian_uhlan|2nd régiment de ulhans 'Schwarzenberg' 
trp_austrian_uhlan_pl|Lancier
trp_austrian_uhlan_nco|2nd régiment de ulhans 'Schwarzenberg' 
trp_austrian_uhlan_nco_pl|Drapeau
trp_austrian_uhlan_officer|2nd régiment de ulhans 'Schwarzenberg'
trp_austrian_uhlan_officer_pl|Officier
trp_austrian_uhlan_trumpet|2nd régiment de ulhans 'Schwarzenberg'
trp_austrian_uhlan_trumpet_pl|Clairon
trp_austrian_light_horse|2nd régiment de chevau-légers 'Hohenzollern'
trp_austrian_light_horse_pl|Cavalerie légère
trp_austrian_light_horse_nco|2nd régiment de chevau-légers 'Hohenzollern'
trp_austrian_light_horse_nco_pl|Drapeau
trp_austrian_light_horse_officer|2nd régiment de chevau-légers 'Hohenzollern'
trp_austrian_light_horse_officer_pl|Officier
trp_austrian_light_horse_trumpet|2nd régiment de chevau-légers 'Hohenzollern'
trp_austrian_light_horse_trumpet_pl|Clairon
trp_austrian_dragoon|5ème régiment de dragons de l'Archiduc Ferdinand
trp_austrian_dragoon_pl|Dragon
trp_austrian_dragoon_nco|5ème régiment de dragons de l'Archiduc Ferdinand
trp_austrian_dragoon_nco_pl|Drapeau
trp_austrian_dragoon_officer|5ème régiment de dragons de l'Archiduc Ferdinand
trp_austrian_dragoon_officer_pl|Officier
trp_austrian_dragoon_trumpet|5ème régiment de dragons de l'Archiduc Ferdinand
trp_austrian_dragoon_trumpet_pl|Clairon
trp_austrian_cuirassier|1er régiment de Cuirassiers du Kaiser Franz
trp_austrian_cuirassier_pl|Cuirassier
trp_austrian_cuirassier_nco|1er régiment de Cuirassiers du Kaiser Franz
trp_austrian_cuirassier_nco_pl|Drapeau
trp_austrian_cuirassier_officer|1er régiment de Cuirassiers du Kaiser Franz
trp_austrian_cuirassier_officer_pl|Officier
trp_austrian_cuirassier_trumpet|1er régiment de Cuirassiers du Kaiser Franz
trp_austrian_cuirassier_trumpet_pl|Clairon
trp_austrian_arty|7ème régiment d'artillerie du prince de Lorraine
trp_austrian_arty_pl|Artillerie
trp_austrian_arty_guard|Garde d'artillerie
trp_austrian_arty_guard_pl|Garde d'artillerie
trp_austrian_arty_nco|7ème régiment d'artillerie du prince de Lorraine
trp_austrian_arty_nco_pl|Train d'artillerie
trp_austrian_arty_officer|7ème régiment d'artillerie du prince de Lorraine
trp_austrian_arty_officer_pl|Officier
trp_austrian_medic|Sanitäter
trp_austrian_medic_pl|Chirurgien
trp_austrian_sapper|1er régiment de sapeurs
trp_austrian_sapper_pl|Troupes du génie
trp_schwarzenberg|Karl Philipp, Prince de Schwarzenberg
trp_schwarzenberg_pl|Commandant
trp_rhine_infantry_bavaria|2ème régiment d'infanterie bavaroise 'Kronprinz'
trp_rhine_infantry_bavaria_pl|Infanterie de ligne
trp_rhine_infantry_bavaria_nco|Infanterie de ligne bavaroise
trp_rhine_infantry_bavaria_nco_pl|Porte-drapeau
trp_rhine_infantry_bavaria_officer|Infanterie de ligne bavaroise
trp_rhine_infantry_bavaria_officer_pl|Officier
trp_rhine_infantry_bavaria_drum|Infanterie de ligne bavaroise
trp_rhine_infantry_bavaria_drum_pl|Tambour
trp_rhine_infantry_bavaria_flute|Infanterie de ligne bavaroise
trp_rhine_infantry_bavaria_flute_pl|Fifre
trp_rhine_infantry_wurttemberg|2ème régiment d'infanterie wurtembourgeois 'Duc Guillaume'
trp_rhine_infantry_wurttemberg_pl|Infanterie de ligne
trp_rhine_infantry_wurttemberg_nco|Infanterie de ligne wurtembourgeoise
trp_rhine_infantry_wurttemberg_nco_pl|Porte-drapeau
trp_rhine_infantry_wurttemberg_officer|Infanterie de ligne wurtembourgeoise
trp_rhine_infantry_wurttemberg_officer_pl|Officier
trp_rhine_infantry_wurttemberg_drum|Infanterie de ligne wurtembourgeoise
trp_rhine_infantry_wurttemberg_drum_pl|Tambour
trp_rhine_infantry_wurttemberg_flute|Infanterie de ligne wurtembourgeoise
trp_rhine_infantry_wurttemberg_flute_pl|Fifre
trp_rhine_infantry_saxony|Régiment d'infanterie saxon 'Prince Frédéric-Auguste'
trp_rhine_infantry_saxony_pl|Infanterie de ligne
trp_rhine_infantry_saxony_nco|Infanterie de ligne saxonne
trp_rhine_infantry_saxony_nco_pl|Porte-drapeau
trp_rhine_infantry_saxony_officer|Infanterie de ligne saxonne
trp_rhine_infantry_saxony_officer_pl|Officier
trp_rhine_infantry_saxony_drum|Infanterie de ligne saxonne
trp_rhine_infantry_saxony_drum_pl|Tambour
trp_rhine_infantry_saxony_flute|Infanterie de ligne saxonne
trp_rhine_infantry_saxony_flute_pl|Fifre
trp_rhine_infantry_wurttemberg2|4ème régiment d'infanterie du Wurrtemberg 'von Franquemont'
trp_rhine_infantry_wurttemberg2_pl|Infanterie du ligne
trp_rhine_infantry_wurttemberg2_nco|Grenadier du Wurrtemberg
trp_rhine_infantry_wurttemberg2_nco_pl|Porte-drapeau
trp_rhine_infantry_wurttemberg2_officer|Grenadier du Wurttemberg
trp_rhine_infantry_wurttemberg2_officer_pl|Officier
trp_rhine_infantry_wurttemberg2_drum|Grenadier du Wurttemberg
trp_rhine_infantry_wurttemberg2_drum_pl|Tambour
trp_rhine_infantry_wurttemberg2_flute|Grenadier du Wurttemberg
trp_rhine_infantry_wurttemberg2_flute_pl|Fifre
trp_rhine_grenadier_guard|Grenadiers de la Garde westphaliens
trp_rhine_grenadier_guard_pl|Garde à pied
trp_rhine_grenadier_guard_nco|Grenadier de la Garde westphalien
trp_rhine_grenadier_guard_nco_pl|Porte-drapeau
trp_rhine_grenadier_guard_officer|Grenadier de la Garde westphalien
trp_rhine_grenadier_guard_officer_pl|Officier
trp_rhine_grenadier_guard_drum|Grenadier de la Garde westphalien
trp_rhine_grenadier_guard_drum_pl|Tambour
trp_rhine_grenadier_guard_flute|Grenadier de la Garde westphalien
trp_rhine_grenadier_guard_flute_pl|Fifre
trp_rhine_light_infantry_hessen|Régiment d'infanterie de Hesse-Darmstadt 'Gross-und-Erbprinz'
trp_rhine_light_infantry_hessen_pl|Infanterie légère
trp_rhine_light_infantry_hessen_nco|Infanterie légère hessoise
trp_rhine_light_infantry_hessen_nco_pl|Porte-drapeau
trp_rhine_light_infantry_hessen_officer|Infanterie légère hessoise
trp_rhine_light_infantry_hessen_officer_pl|Officier
trp_rhine_light_infantry_hessen_horn|Infanterie légère hessoise
trp_rhine_light_infantry_hessen_horn_pl|Corniste
trp_rhine_light_infantry_bavaria|7ème bataillon bavarois d'infanterie légère
trp_rhine_light_infantry_bavaria_pl|Infanterie légère/Fusilier
trp_rhine_light_infantry_bavaria_nco|Fusilier bavarois
trp_rhine_light_infantry_bavaria_nco_pl|Sous-officiers
trp_rhine_light_infantry_bavaria_officer|Fusilier bavarois
trp_rhine_light_infantry_bavaria_officer_pl|Officier
trp_rhine_light_infantry_bavaria_horn|Fusilier bavarois
trp_rhine_light_infantry_bavaria_horn_pl|Corniste
trp_rhine_mounted_jaeger|Jäger à cheval nassovien
trp_rhine_mounted_jaeger_pl|Hussard
trp_rhine_mounted_jaeger_nco|Jägers à cheval nassoviens
trp_rhine_mounted_jaeger_nco_pl|Sous-officier
trp_rhine_mounted_jaeger_officer|Jägers à cheval nassoviens
trp_rhine_mounted_jaeger_officer_pl|Officier
trp_rhine_mounted_jaeger_trumpet|Jägers à cheval nassoviens
trp_rhine_mounted_jaeger_trumpet_pl|Trompette
trp_rhine_uhlan|Régiment de Uhlans saxons 'Prinz Clemens'
trp_rhine_uhlan_pl|Lancier
trp_rhine_uhlan_nco|Uhlan saxon
trp_rhine_uhlan_nco_pl|Porte-drapeau
trp_rhine_uhlan_officer|Uhlan saxon
trp_rhine_uhlan_officer_pl|Officier
trp_rhine_uhlan_trumpet|Uhlan saxon
trp_rhine_uhlan_trumpet_pl|Trompette
trp_rhine_light_dragoon|Régiment de dragons légers badois
trp_rhine_light_dragoon_pl|Cheval léger
trp_rhine_light_dragoon_nco|Dragon léger badois
trp_rhine_light_dragoon_nco_pl|Porte-drapeau
trp_rhine_light_dragoon_officer|Dragon léger badois
trp_rhine_light_dragoon_officer_pl|Officier
trp_rhine_light_dragoon_trumpet|Dragon léger badois
trp_rhine_light_dragoon_trumpet_pl|Trompette
trp_rhine_cuirassier|1er Regiment de Cuirassiers westphalien
trp_rhine_cuirassier_pl|Cuirassier
trp_rhine_cuirassier_nco|Cuirassier westphalien
trp_rhine_cuirassier_nco_pl|Porte-drapeau
trp_rhine_cuirassier_officer|Cuirassier westphalien
trp_rhine_cuirassier_officer_pl|Officier
trp_rhine_cuirassier_trumpet|Cuirassier westphalien
trp_rhine_cuirassier_trumpet_pl|Trompette
trp_rhine_garde_du_corps|Garde du corps saxon
trp_rhine_garde_du_corps_pl|Cavalerie lourde
trp_rhine_garde_du_corps_nco|Garde à cheval saxon
trp_rhine_garde_du_corps_nco_pl|Porte-drapeau
trp_rhine_garde_du_corps_officer|Garde à cheval saxon
trp_rhine_garde_du_corps_officer_pl|Officier
trp_rhine_garde_du_corps_trumpet|Garde à cheval saxon
trp_rhine_garde_du_corps_trumpet_pl|Trompette
trp_rhine_arty|Régiment d'artillerie bavarois
trp_rhine_arty_pl|Artillerie
trp_rhine_arty_guard|Garde d'artillerie bavarois
trp_rhine_arty_guard_pl|Garde d'artillerie
trp_rhine_arty_nco|Garde d'artillerie bavarois
trp_rhine_arty_nco_pl|Train d'artillerie
trp_rhine_arty_officer|Artilleur bavarois
trp_rhine_arty_officer_pl|Officier
trp_rhine_medic|Médecin français de 2ème classe
trp_rhine_medic_pl|Chirurgien
trp_rhine_sapper|'Pioniere' bergeois
trp_rhine_sapper_pl|Sapeur
trp_friedrich_august|Frédéric-Auguste Ier, Roi de Saxe
trp_friedrich_august_pl|Commandant
trp_british_arty_commander|Artillerie royale à pied
trp_british_arty_commander_pl|Officier
trp_british_arty_alt_commander|Artillerie royale à pied
trp_british_arty_alt_commander_pl|Officier
trp_french_arty_commander|L'Artillerie
trp_french_arty_commander_pl|Officer
trp_french_arty_alt_commander|L'Artillerie
trp_french_arty_alt_commander_pl|Officier
trp_prussian_arty_commander|36ème régiment d'artillerie à pied
trp_prussian_arty_commander_pl|Officer
trp_prussian_arty_alt_commander|36ème régiment d'artillerie à pied
trp_prussian_arty_alt_commander_pl|Officer
trp_russian_arty_commander|Artillerie
trp_russian_arty_commander_pl|Officier
trp_russian_arty_alt_commander|Artillery
trp_russian_arty_alt_commander_pl|Officer
trp_austrian_arty_commander|Prinz zu Lothringen Nr. 7 Artillerie
trp_austrian_arty_commander_pl|Officer
trp_austrian_arty_alt_commander|Prinz zu Lothringen Nr. 7 Artillerie
trp_austrian_arty_alt_commander_pl|Officer
trp_rhine_arty_commander|Artillerie bavaroise
trp_rhine_arty_commander_pl|Officier
trp_rhine_arty_alt_commander|Artillerie bavaroise
trp_rhine_arty_alt_commander_pl|Officier
trp_custom_string_1|Utiliser
trp_custom_string_2|Utiliser
trp_custom_string_3|Utiliser
trp_custom_string_5|Utiliser
trp_custom_string_6|Utiliser
trp_custom_string_7|Utiliser
trp_custom_string_8|Utiliser
trp_custom_string_9|Utiliser
trp_custom_string_10|Utiliser
trp_custom_string_11|Utiliser
trp_custom_string_12|Utiliser
trp_custom_string_13|Utiliser
trp_custom_string_14|Utiliser
trp_custom_string_15|Utiliser
trp_custom_string_16|Utiliser
trp_custom_string_17|Utiliser
trp_custom_string_18|Utiliser
trp_custom_string_19|Utiliser
trp_custom_string_20|Utiliser
trp_custom_string_21|Utiliser
trp_custom_string_22|Utiliser
trp_custom_string_23|Utiliser
trp_custom_string_24|Utiliser
trp_custom_string_25|Utiliser
trp_custom_string_26|Utiliser
trp_custom_string_27|Utiliser
trp_custom_string_28|Utiliser
trp_custom_string_29|Utiliser
trp_custom_string_30|Utiliser
trp_custom_string_31|Utiliser
trp_custom_string_32|Utiliser
trp_custom_string_33|Utiliser
trp_custom_string_34|Utiliser
trp_custom_string_35|Utiliser
trp_custom_string_36|Utiliser
trp_custom_string_37|Utiliser
trp_custom_string_38|Utiliser
trp_custom_string_39|Utiliser
trp_custom_string_40|Utiliser
trp_quick_battle_troop_britain_1|Arthur Wellesley
trp_quick_battle_troop_britain_1_pl|Général
trp_quick_battle_troop_france_1|Napoleon Bonaparte
trp_quick_battle_troop_france_1_pl|Empereurr
trp_quick_battle_troop_prussia_1|Gebhard von Blücher
trp_quick_battle_troop_prussia_1_pl|Général
trp_quick_battle_troop_russia_1|Mikhail Kutuzov
trp_quick_battle_troop_russia_1_pl|Général
trp_quick_battle_troop_austria_1|Karl Philipp
trp_quick_battle_troop_austria_1_pl|Général
trp_quick_battle_troop_rhine_1|Frédéric-Auguste
trp_quick_battle_troop_rhine_1_pl|Général
trp_companion_1|Raphaël Martin
trp_companion_1_pl|Raphaël Martin
trp_companion_2|Clément Bernard
trp_companion_2_pl|Clément Bernard
trp_companion_3|Maxim Munnig Schmidt
trp_companion_3_pl|Maxime Petit
trp_companion_4|Alexandre Durand
trp_companion_4_pl|Alexandre Durand
trp_companion_5|Antoine Richard
trp_companion_5_pl|Antoine Richard
trp_companion_6|Alexis Moreau
trp_companion_6_pl|Alexis Moreau
trp_companion_7|Jules Dubois
trp_companion_7_pl|Jules Dubois
trp_companion_8|Matteo Robert
trp_companion_8_pl|Matteo Robert
trp_companion_9|Julien Laurent
trp_companion_9_pl|Julien Laurent
trp_companion_10|Samuel Simon
trp_companion_10_pl|Samuel Simon
trp_companion_11|Noé Michel
trp_companion_11_pl|Noé Michel
trp_companion_12|Corentin Leroy
trp_companion_12_pl|Corentin Leroy
trp_companion_13|Jérémy Garcia
trp_companion_13_pl|Jérémy Garcia
trp_companion_14|Charles Lefebvre
trp_companion_14_pl|Charles Lefebvre
trp_companion_15|Eliott Roux
trp_companion_15_pl|Eliott Roux
trp_companion_16|Theo David
trp_companion_16_pl|Théo David
trp_companion_17|Romain Bertrand
trp_companion_17_pl|Romain Bertrand
trp_companion_18|Quentin Fournier
trp_companion_18_pl|Quentin Fournier
trp_companion_19|Girard Baptiste
trp_companion_19_pl|Girard Baptiste
trp_companion_20|Valentin Bonnet
trp_companion_20_pl|Valentin Bonnet
trp_companion_21|Nico Kamps
trp_companion_21_pl|Nicolas Morel
trp_companion_22|Mael Rousseau
trp_companion_22_pl|Mael Rousseau
trp_companion_23|Pierre Lambert
trp_companion_23_pl|Pierre Lambert
trp_companion_24|Marius Blanc
trp_companion_24_pl|Marius Blanc
trp_companion_25|Rémi Thomas
trp_companion_25_pl|Rémi Thomas
trp_companion_26|Benjamin Aguillon
trp_companion_26_pl|Benjamin Aguillon
trp_companion_27|Maxence Beauregard
trp_companion_27_pl|Maxence Beauregard
trp_companion_28|Axel Lemieux
trp_companion_28_pl|Axel Lemieux
trp_companion_29|Jules Plantier
trp_companion_29_pl|Jules Plantier
trp_companion_30|Martin Roche
trp_companion_30_pl|Martin Roche
trp_companions_end|companions end
trp_companions_end_pl|companions end
trp_walker_french_infantry|Homme d'infanterie
trp_walker_french_infantry_pl|Infanterie
trp_walker_french_voltigeur|Voltigeur
trp_walker_french_voltigeur_pl|Voltigeurs
trp_walker_french_hussar|Hussard
trp_walker_french_hussar_pl|Hussards
trp_walker_french_officer|Officier
trp_walker_french_officer_pl|Officiers
trp_walker_messenger|Messager
trp_walker_messenger_pl|Messager
trp_walker_peasant_male|Paysan
trp_walker_peasant_male_pl|Paysans
trp_walker_peasant_female|Paysanne
trp_walker_peasant_female_pl|Paysannes
trp_walkers_end|walkers end
trp_walkers_end_pl|walkers end
trp_camp_armorer|Tailleur
trp_camp_weaponsmith|Marchand d'armes
trp_camp_horse_merchant|Marchand de chevaux
trp_merchants_end|merchants end
trp_merchants_end_pl|merchants end
