itm_no_item|NIEPRAWIDŁOWY PRZEDMIOT
itm_no_item_pl|NIEPRAWIDŁOWE PRZEDMIOTY
itm_french_cav_pistol|Pistol
itm_french_cav_pistol_pl|Pistole
itm_french_officer_pistol|Pistol
itm_french_officer_pistol_pl|Pistole
itm_french_pistol_1766|Pistol
itm_french_pistol_1766_pl|Pistole
itm_french_pistol_1777|Pistol
itm_french_pistol_1777_pl|Pistole
itm_russian_pistol|Pistol
itm_russian_pistol_pl|Pistole
itm_british_pistol|Pistol
itm_british_pistol_pl|Pistole
itm_french_mousquiton|Karabin kawaleryjski
itm_french_mousquiton_pl|Karabiny kawaleryjskie
itm_french_mousquiton_melee|Karabin kawaleryjski
itm_french_mousquiton_melee_pl|Karabiny kawaleryjskie
itm_french_mousquiton_ai|Karabin kawaleryjski
itm_french_mousquiton_ai_pl|Karabiny kawaleryjskie
itm_french_mousquiton_light|Karabin kawaleryjski
itm_french_mousquiton_light_pl|Karabiny kawaleryjskie
itm_french_mousquiton_light_melee|Karabin kawaleryjski
itm_french_mousquiton_light_melee_pl|Karabiny kawaleryjskie
itm_french_mousquiton_light_ai|Karabin kawaleryjski
itm_french_mousquiton_light_ai_pl|Karabiny kawaleryjskie
itm_french_dragoon_musket|Muszkiet kawaleryjski
itm_french_dragoon_musket_pl|Muszkiet kawaleryjski
itm_french_dragoon_musket_melee|Muszkiet kawaleryjski
itm_french_dragoon_musket_melee_pl|Muszkiet kawaleryjski
itm_french_dragoon_musket_ai|Muszkiet kawaleryjski
itm_french_dragoon_musket_ai_pl|Muszkiet kawaleryjski
itm_russian_dragoon_musket|Muszkiet kawaleryjski
itm_russian_dragoon_musket_pl|Muszkiet kawaleryjski
itm_russian_dragoon_musket_melee|Muszkiet kawaleryjski
itm_russian_dragoon_musket_melee_pl|Muszkiet kawaleryjski
itm_russian_dragoon_musket_ai|Muszkiet kawaleryjski
itm_russian_dragoon_musket_ai_pl|Muszkiet kawaleryjski
itm_russian_cavalry_stutzer_1803|Sztucer kawaleryjski
itm_russian_cavalry_stutzer_1803_pl|Sztucery kawaleryjskie
itm_russian_gusarskiy_karabin|Muszkieton
itm_russian_gusarskiy_karabin_pl|Muszkietony
itm_russian_gusarskiy_karabin_melee|Muszkieton
itm_russian_gusarskiy_karabin_melee_pl|Muszkietony
itm_russian_gusarskiy_karabin_ai|Muszkieton
itm_russian_gusarskiy_karabin_ai_pl|Muszkietony
itm_british_carbine|Karabin kawaleryjski
itm_british_carbine_pl|Karabiny kawaleryjskie
itm_british_carbine_melee|Karabin kawaleryjski
itm_british_carbine_melee_pl|Karabiny kawaleryjskie
itm_british_carbine_ai|Karabin kawaleryjski
itm_british_carbine_ai_pl|Karabiny kawaleryjskie
itm_russian_rifle_1805|Sztucer
itm_russian_rifle_1805_pl|Sztucery
itm_russian_rifle_1805_melee|Sztucer
itm_russian_rifle_1805_melee_pl|Sztucery
itm_british_baker_rifle|Sztucer
itm_british_baker_rifle_pl|Sztucery
itm_british_baker_rifle_melee|Sztucer
itm_british_baker_rifle_melee_pl|Sztucery
itm_sniper_rifle|Karabin snajperski
itm_sniper_rifle_pl|Karabin snajperski
itm_blunderbluss|Muszkieton
itm_blunderbluss_pl|Muszkietony
itm_french_charleville|Muszkiet piechoty
itm_french_charleville_pl|Muszkiety piechoty
itm_french_charleville_melee|Muszkiet piechoty
itm_french_charleville_melee_pl|Muszkiety piechoty
itm_french_versailles|Muszkiet piechoty
itm_french_versailles_pl|Muszkiety piechoty
itm_french_versailles_melee|Muszkiet piechoty
itm_french_versailles_melee_pl|Muszkiety piechoty
itm_british_brown_bess|Muszkiet piechoty
itm_british_brown_bess_pl|Muszkiety piechoty
itm_british_brown_bess_melee|Muszkiet piechoty
itm_british_brown_bess_melee_pl|Muszkiety piechoty
itm_russian_musket_1808|Muszkiet piechoty
itm_russian_musket_1808_pl|Muszkiety piechoty
itm_russian_musket_1808_melee|Muszkiet piechoty
itm_russian_musket_1808_melee_pl|Muszkiety piechoty
itm_austrian_musket|Muszkiet piechoty
itm_austrian_musket_pl|Muszkiety piechoty
itm_austrian_musket_melee|Muszkiet piechoty
itm_austrian_musket_melee_pl|Muszkiety piechoty
itm_prussian_potsdam|Muszkiet piechoty
itm_prussian_potsdam_pl|Muszkiety piechoty
itm_prussian_potsdam_melee|Muszkiet piechoty
itm_prussian_potsdam_melee_pl|Muszkiety piechoty
itm_prussian_musket_1806|Muszkiet piechoty
itm_prussian_musket_1806_pl|Muszkiet piechoty
itm_prussian_musket_1806_melee|Muszkiet piechoty
itm_prussian_musket_1806_melee_pl|Muszkiet piechoty
itm_french_art_off_sword|Oficerski pałasz artyleryjski
itm_french_art_off_sword_pl|Oficerskie pałasze artyleryjskie
itm_french_carabineer_sword|Pałasz karabiniera
itm_french_carabineer_sword_pl|Pałasze karabinierów
itm_french_briquet_garde|Tasaki
itm_french_briquet_garde_pl|Tasaki
itm_french_light_cav_sabre_garde|Szabla lekkiej kawalerii
itm_french_light_cav_sabre_garde_pl|Szable lekkiej kawalerii
itm_french_heavy_cav_sabre_garde|Zakrzywiony pałasz
itm_french_heavy_cav_sabre_garde_pl|Zakrzywione pałasze
itm_french_inf_off_sabre_garde|Szabla oficera gwardii imp.
itm_french_inf_off_sabre_garde_pl|Szable oficerów gwardii imp.
itm_french_heavy_cav_off_sabre|Zakrzywiony pałasz
itm_french_heavy_cav_off_sabre_pl|Zakrzywione pałasze
itm_french_inf_off_sabre|Szabla piechoty
itm_french_inf_off_sabre_pl|Szable piechoty
itm_french_light_cav_off_sabre|Szabla lekkiej kawalerii
itm_french_light_cav_off_sabre_pl|Szable lekkiej kawalerii
itm_french_light_inf_off_sabre|Szabla lekkiej piechoty
itm_french_light_inf_off_sabre_pl|Szable lekkiej piechoty
itm_french_line_cav_sabre|Pałasz
itm_french_line_cav_sabre_pl|Pałasze
itm_french_briquet|Tasak
itm_french_briquet_pl|Tasaki
itm_french_light_cav_sabre|Szabla lekkiej kawalerii
itm_french_light_cav_sabre_pl|Szable lekkiej kawalerii
itm_french_sappeur_sword|Tasak saperski
itm_french_sappeur_sword_pl|Tasaki saperskie
itm_russian_sabre_1798|Szabla
itm_russian_sabre_1798_pl|Szable
itm_russian_sabre_1809|Szabla
itm_russian_sabre_1809_pl|Szable
itm_russian_sword_1810|Pałasz
itm_russian_sword_1810_pl|Pałasze
itm_russian_guard_sword_1799|Pałasz
itm_russian_guard_sword_1799_pl|Pałasze
itm_russian_briquet_1807|Tasak
itm_russian_briquet_1807_pl|Tasaki
itm_russian_jaeger_bayonet|Bagnet
itm_russian_jaeger_bayonet_pl|Bagnety
itm_russian_jaeger_bayonet_jaeger|Bagnet
itm_russian_jaeger_bayonet_jaeger_pl|Bagnety
itm_russian_officer_sword|Pałasz oficerski
itm_russian_officer_sword_pl|Pałasze oficerskie
itm_russian_officer_sword_jaeger|Pałasz oficerski
itm_russian_officer_sword_jaeger_pl|Pałasze oficerskie
itm_russian_peasant_axe|Toporek
itm_russian_peasant_axe_pl|Toporek
itm_brokenbottle|Stłuczona butelka po wódce
itm_brokenbottle_pl|Stłuczone butelki po wódce
itm_brokenbottle_melee|Stłuczona butelka po wódce
itm_brokenbottle_melee_pl|Stłuczone butelki po wódce
itm_russian_kindjal|Kozacki nóż
itm_russian_kindjal_pl|Kozackie noże
itm_russian_guard_off_sword|Pałasz oficerski
itm_russian_guard_off_sword_pl|Pałasze oficerskie
itm_russian_sappeur_dagger|Tasak saperski
itm_russian_sappeur_dagger_pl|Tasaki saperskie
itm_russian_sappeur_dagger_invis|Tasak saperski
itm_russian_sappeur_dagger_invis_pl|Tasaki saperskie
itm_russian_peasant_knife|Nóż
itm_russian_peasant_knife_pl|Noże
itm_russian_peasant_serp|Sierp
itm_russian_peasant_serp_pl|Sierpy
itm_british_highlander_officer_sword|Oficerski miecz o. górskich
itm_british_highlander_officer_sword_pl|Oficerski miecz o. górskich
itm_british_heavy_cav_sword|Pałasz ciężkiej kawalerii
itm_british_heavy_cav_sword_pl|Pałasze ciężkiej kawalerii
itm_british_light_cav_sabre|Szabla lekkiej kawalerii
itm_british_light_cav_sabre_pl|Szable lekkiej kawalerii
itm_british_baker_bayonet|Bagnet
itm_british_baker_bayonet_pl|Bagnety
itm_british_musician_sword|Tasak
itm_british_musician_sword_pl|Tasaki
itm_british_musician_sword_invis|Tasak
itm_british_musician_sword_invis_pl|Tasaki
itm_british_officer_sword|Pałasz oficerski
itm_british_officer_sword_pl|Pałasze oficerskie
itm_austrian_infantry_briquet|Bagnet
itm_austrian_infantry_briquet_pl|Bagnety
itm_austrian_infantry_briquet_black|Bagnet
itm_austrian_infantry_briquet_black_pl|Bagnety
itm_austrian_jaeger_bayonet|Bagnet
itm_austrian_jaeger_bayonet_pl|Bagnety
itm_austrian_jaeger_bayonet_invis|Bagnet
itm_austrian_jaeger_bayonet_invis_pl|Bagnety
itm_russian_briquet_1807_black|Tasak
itm_russian_briquet_1807_black_pl|Tasaki
itm_russian_briquet_1807_black_blackbelt|Tasak
itm_russian_briquet_1807_black_blackbelt_pl|Tasaki
itm_russian_briquet_1807_landwehr|Tasak
itm_russian_briquet_1807_landwehr_pl|Tasaki
itm_russian_peasant_axe_landwehr|Toporek
itm_russian_peasant_axe_landwehr_pl|Toporki
itm_french_briquet_garde_fake|Tasak
itm_french_briquet_garde_fake_pl|Tasaki
itm_french_briquet_fake|Tasak
itm_french_briquet_fake_pl|Tasaki
itm_russian_briquet_1807_fake|Tasak
itm_russian_briquet_1807_fake_pl|Tasaki
itm_russian_briquet_1807_black_fake|Tasak
itm_russian_briquet_1807_black_fake_pl|Tasaki
itm_russian_briquet_1807_black_blackbelt_fake|Tasak
itm_russian_briquet_1807_black_blackbelt_fake_pl|Tasaki
itm_russian_briquet_1807_landwehr_fake|Tasak
itm_russian_briquet_1807_landwehr_fake_pl|Tasaki
itm_russian_peasant_axe_landwehr_fake|Toporek
itm_russian_peasant_axe_landwehr_fake_pl|Toporki
itm_austrian_infantry_briquet_fake|Bagnet
itm_austrian_infantry_briquet_fake_pl|Bagnety
itm_banhammer|Młot Przeznaczenia
itm_banhammer_pl|Młoty Przeznaczenia
itm_drumstick_right|Werbel
itm_drumstick_right_pl|Werble
itm_flute|Flet
itm_flute_pl|Flety
itm_horn|Róg
itm_horn_pl|Rogi
itm_trumpet|Trąba
itm_trumpet_pl|Trąby
itm_bugle|Trąbka
itm_bugle_pl|Trąbki
itm_bagpipe|Dudy
itm_bagpipe_pl|Dudy
itm_bullets|Ładunek
itm_bullets_pl|Ładunki
itm_pistol_ammo|Ładunek pistoletowy
itm_pistol_ammo_pl|Ładunki pistoletowe
itm_canister_ammo|Kartacz
itm_canister_ammo_pl|Kartacze
itm_shell_fragment|Fragmenty pocisku
itm_shell_fragment_pl|Fragmenty pocisków
itm_explosive_bullets|Ładunek
itm_explosive_bullets_pl|Ładunki
itm_cannon_cartridge_round|Pocisk
itm_cannon_cartridge_round_pl|Pociski
itm_cannon_cartridge_shell|Pocisk (wybuchowy)
itm_cannon_cartridge_shell_pl|Pociski (wybuchowe)
itm_cannon_cartridge_canister|Pocisk kasetowy
itm_cannon_cartridge_canister_pl|Pociski kasetowe
itm_cannon_cartridge_bomb|Ładunek moździerzowy
itm_cannon_cartridge_bomb_pl|Ładunki moździerzowe
itm_rockets|Rakieta
itm_rockets_pl|Rakiety
itm_french_lance|Lanca
itm_french_lance_pl|Lance
itm_prussian_lance|Lanca
itm_prussian_lance_pl|Lance
itm_austrian_lance|Lanca
itm_austrian_lance_pl|Lance
itm_saxon_lance|Lanca
itm_saxon_lance_pl|Lance
itm_russian_cossack_pike|Lanca
itm_russian_cossack_pike_pl|Lance
itm_russian_lancer_pike|Lanca
itm_russian_lancer_pike_pl|Lance
itm_russian_opolcheniye_pike|Pika
itm_russian_opolcheniye_pike_pl|Piki
itm_russian_peasant_kosa|Kosa
itm_russian_peasant_kosa_pl|Kosy
itm_russian_peasant_fork|Drewniany widelec
itm_russian_peasant_fork_pl|Drewniane widelce
itm_russian_peasant_pitchfork|Widły
itm_russian_peasant_pitchfork_pl|Widły
itm_russian_peasant_sap|Grabie
itm_russian_peasant_sap_pl|Grabie
itm_birch_trunk|Pień brzozy
itm_birch_trunk_pl|Pnie brzóz
itm_russian_peasant_kosa2|Kosa
itm_russian_peasant_kosa2_pl|Kosy
itm_russian_peasant_club|Pałka
itm_russian_peasant_club_pl|Pałki
itm_russian_peasant_birch_club|Kij brzozowa
itm_russian_peasant_birch_club_pl|Kije brzozowe
itm_russian_peasant_pike|Pika
itm_russian_peasant_pike_pl|Piki
itm_russian_peasant_kuvalda|Młot bojowy
itm_russian_peasant_kuvalda_pl|Młoty bojowe
itm_russian_peasant_2handed_axe|Topór drwalski
itm_russian_peasant_2handed_axe_pl|Topory drwalskie
itm_russian_peasant_rogatina|Włócznia myśliwska
itm_russian_peasant_rogatina_pl|Włócznie myśliwskie
itm_sapper_axe_ship|Topór saperski
itm_sapper_axe_ship_pl|Topory saperskie
itm_sapper_axe_rus_ship|Topór saperski
itm_sapper_axe_rus_ship_pl|Topory saperskie
itm_french_mousquiton_melee_gf|Karabin kawaleryjski
itm_french_mousquiton_melee_gf_pl|Karabiny kawalerjyskie
itm_french_mousquiton_light_melee_gf|Karabin lekkiej kawalerii
itm_french_mousquiton_light_melee_gf_pl|Karabiny lekkiej kawalerii
itm_french_dragoon_musket_melee_gf|Muszkiet kawaleryjski
itm_french_dragoon_musket_melee_gf_pl|Muszkiety kawaleryjskie
itm_russian_dragoon_musket_melee_gf|Muszkiet kawaleryjski
itm_russian_dragoon_musket_melee_gf_pl|Muszkiety kawalerjyskie
itm_russian_gusarskiy_karabin_melee_gf|Muszkieton
itm_russian_gusarskiy_karabin_melee_gf_pl|Muszkietony
itm_british_carbine_melee_gf|Karabin kawaleryjski
itm_british_carbine_melee_gf_pl|Karabiny kawaleryjskie
itm_russian_rifle_1805_melee_gf|Sztucer
itm_russian_rifle_1805_melee_gf_pl|Sztucery
itm_british_baker_rifle_melee_gf|Sztucer
itm_british_baker_rifle_melee_gf_pl|Sztucery
itm_french_charleville_melee_gf|Muszkiet piechoty
itm_french_charleville_melee_gf_pl|Muszkiet piechoty
itm_french_versailles_melee_gf|Muszkiet piechoty
itm_french_versailles_melee_gf_pl|Muszkiet piechoty
itm_british_brown_bess_melee_gf|Muszkiet piechoty
itm_british_brown_bess_melee_gf_pl|Muszkiet piechoty
itm_russian_musket_1808_melee_gf|Muszkiet piechoty
itm_russian_musket_1808_melee_gf_pl|Muszkiet piechoty
itm_austrian_musket_melee_gf|Muszkiet piechoty
itm_austrian_musket_melee_gf_pl|Muszkiet piechoty
itm_prussian_potsdam_melee_gf|Muszkiet piechoty
itm_prussian_potsdam_melee_gf_pl|Muszkiet piechoty
itm_prussian_musket_1806_melee_gf|Muszkiet piechoty
itm_prussian_musket_1806_melee_gf_pl|Muszkiet piechoty
itm_flag_france_45e|Sztandar franc. l-piechoty
itm_flag_france_45e_pl|Sztandary franc. l-piechoty
itm_flag_france_84e|Sztandar franc. l-piechoty
itm_flag_france_84e_pl|Sztandary franc. l-piechoty
itm_flag_france_vistula|Sztandar legionu Vistula
itm_flag_france_vistula_pl|Sztandary legionu Vistula
itm_flag_france_grenadiers|Sztandar franc. straży piech.
itm_flag_france_grenadiers_pl|Sztandary franc. straży piech.
itm_flag_france_15|Sztandar franc. l-piechoty
itm_flag_france_15_pl|Sztandary franc. l-piechoty
itm_flag_france_hussard|Sztandar franc. husarii
itm_flag_france_hussard_pl|Sztandary franc. husarii
itm_flag_france_carab|Sztandar franc. karabinierów
itm_flag_france_carab_pl|Sztandary franc. karabinierów
itm_flag_france_cuirassier|Sztandar franc. kirasjerów
itm_flag_france_cuirassier_pl|Sztandary franc. kirasjerów
itm_flag_france_cheval|Sztandar franc. gren. konnych
itm_flag_france_cheval_pl|Sztandary franc. gren. konnych
itm_flag_france_dragon|Sztandar franc. dragonów
itm_flag_france_dragon_pl|Sztandary franc. dragonów
itm_flag_france_lancier|Sztandar franc. lansjerów
itm_flag_france_lancier_pl|Sztandary franc. lansjerów
itm_flag_russia_opolcheniye|Flaga Opolch. z St Peters.
itm_flag_russia_opolcheniye_pl|Flagi Opolch. z St Peters.
itm_flag_russia_pavlovsk_color|Sztandar reg. Pawłowskiego
itm_flag_russia_pavlovsk_color_pl|Sztandar reg. Pawłowskiego
itm_flag_russia_pavlovsk_white|Biała flaga Pawłowskiego
itm_flag_russia_pavlovsk_white_pl|Biała flaga Pawłowskiego
itm_flag_russia_preobragenskiy_color|Sztandar reg. Preobrażeńskiego
itm_flag_russia_preobragenskiy_color_pl|Sztandar reg. Preobrażeńskiego
itm_flag_russia_preobragenskiy_white|Biała flaga Preobrażeńskiego
itm_flag_russia_preobragenskiy_white_pl|Biała flaga Preobrażeńskiego
itm_flag_russia_simbirsk_color|Sztandar reg. Simbirskiego
itm_flag_russia_simbirsk_color_pl|Sztandar reg. Simbirskiego
itm_flag_russia_simbirsk_white|Biała flaga Simbirskiego
itm_flag_russia_simbirsk_white_pl|Biała flaga Simbirskiego
itm_flag_russia_kyiv_dragoon|Prop. Kijowskich Dragonów
itm_flag_russia_kyiv_dragoon_pl|Prop. Kijowskich Dragonów
itm_britain_colour_33rd_regt|Sztandar 33. reg. bryt.
itm_britain_colour_33rd_regt_pl|Sztandar 33. reg. bryt.
itm_britain_colour_33rd_king|Sztandar 33. król. reg. bryt.
itm_britain_colour_33rd_king_pl|Sztandar 33. król. reg. bryt.
itm_britain_colour_42nd_regt|Sztandar 42. reg. bryt.
itm_britain_colour_42nd_regt_pl|Sztandar 42. reg. bryt.
itm_britain_colour_42nd_king|Sztandar 42. król. reg. bryt.
itm_britain_colour_42nd_king_pl|Sztandar 42. król. reg. bryt.
itm_britain_colour_2nd_regt|Sztandar 2. reg. bryt.
itm_britain_colour_2nd_regt_pl|Sztandar 2. reg. bryt.
itm_britain_colour_2nd_king|Sztandar 2. król. reg. bryt.
itm_britain_colour_2nd_king_pl|Sztandar 2. król. reg. bryt.
itm_britain_colour_51st_regt|Sztandar 51. reg. bryt.
itm_britain_colour_51st_regt_pl|Sztandar 51. reg. bryt.
itm_britain_colour_51st_king|Sztandar 51. król. reg. bryt.
itm_britain_colour_51st_king_pl|Sztandar 51. król. reg. bryt.
itm_britain_colour_kgl_regt|Sztandar KGL reg. bryt.
itm_britain_colour_kgl_regt_pl|Sztandar KGL reg. bryt.
itm_britain_colour_kgl_king|Sztandar KGL król. reg. bryt.
itm_britain_colour_kgl_king_pl|Sztandar KGL król. reg. bryt.
itm_britain_colour_blues|Sztandar bryt. straż. konnych
itm_britain_colour_blues_pl|Sztandar bryt. straż. konnych
itm_prussia_colour_infantry|Sztandar prus. piechoty
itm_prussia_colour_infantry_pl|Sztandary prus. piechoty
itm_prussia_colour_infantry2|Sztandar prus. piechoty
itm_prussia_colour_infantry2_pl|Sztandary prus. piechoty
itm_prussia_colour_guard|Sztandar prus. staży piech.
itm_prussia_colour_guard_pl|Sztandar prus. staży piech.
itm_prussia_colour_landwehr|Sztandar prus. landwehru
itm_prussia_colour_landwehr_pl|Sztandar prus. landwehru
itm_prussia_colour_hussard|Sztandar prus. husarii
itm_prussia_colour_hussard_pl|Sztandary prus. husarii
itm_austria_colour_leibfahne|Austryjacki Leibfahne
itm_austria_colour_leibfahne_pl|Austryjacki Leibfahne
itm_austria_colour_ordinarfahne|Austryjacki Ordinarfahne
itm_austria_colour_ordinarfahne_pl|Austryjacki Ordinarfahne
itm_austria_colour_ordinarfahne_cav|Austryjacki Ordinarfahne
itm_austria_colour_ordinarfahne_cav_pl|Austryjacki Ordinarfahne
itm_bavarian_flag_national|Sztandar Bawarii
itm_bavarian_flag_national_pl|Sztandar Bawarii
itm_bavarian_flag_regimental|Sztandar reg. bawarskiego
itm_bavarian_flag_regimental_pl|Sztandar reg. bawarskiego
itm_saxon_flag_infantry|Sztandar reg. saskiego
itm_saxon_flag_infantry_pl|Sztandar reg. saskiego
itm_saxon_flag_uhlan|Sztandat ułanów saskich
itm_saxon_flag_uhlan_pl|Sztandat ułanów saskich
itm_hessian_flag_infantry|Sztandar piechoty heskiej
itm_hessian_flag_infantry_pl|Sztandar piechoty heskiej
itm_westphalian_flag_infantry|Sztandar piechoty westfalskiej
itm_westphalian_flag_infantry_pl|Sztandar piechoty westfalskiej
itm_baden_flag_dragoon|Sztandar dragonów badeńskich
itm_baden_flag_dragoon_pl|Sztandar dragonów badeńskich
itm_westphalian_flag_cuirassier|Sztandar kirasjerów westfalskich
itm_westphalian_flag_cuirassier_pl|Sztandar kirasjerów westfalskich
itm_saxon_flag_garde|Sztandar saskiej gwardii konnej
itm_saxon_flag_garde_pl|Sztandar saskiej gwardii konnej
itm_wurttemberg_flag_infantry|Sztandar reg. wirtemberskiego
itm_wurttemberg_flag_infantry_pl|Sztandar reg. wirtemberskiego
itm_wurttemberg_flag_infantry2|Sztandar reg. wirtemberskiego
itm_wurttemberg_flag_infantry2_pl|Sztandar reg. wirtemberskiego
itm_cannon_lighter|Lontownica
itm_cannon_lighter_pl|Lontownice
itm_ramrod|Stempel
itm_ramrod_pl|Stemple
itm_rocket_placement|Wyrzutnia rakiet
itm_rocket_placement_pl|Wyrzutnie rakiet
itm_spyglass|Luneta
itm_spyglass_pl|Lunety
itm_bandages|Bandaż
itm_bandages_pl|Bandaże
itm_grenade|Granat ręczny
itm_grenade_pl|Granat ręczny
itm_sapper_axe|Topór saperski
itm_sapper_axe_pl|Topory saperskie
itm_sapper_axe_rus|Topór saperski
itm_sapper_axe_rus_pl|Topory saperskie
itm_construction_hammer|Młotek konstrukcyjny
itm_construction_hammer_pl|Młotki konstrukcyjne
itm_shovel|Szpadel
itm_shovel_pl|Szpadle
itm_shovel_undig|Szpadel
itm_shovel_undig_pl|Szpadle
itm_french_bomb|Ładunki wybuchowe
itm_french_bomb_pl|Ładunki wybuchowe
itm_french_voltigeur_body_officer|French Voltigeur Uniform
itm_french_voltigeur_body_officer_pl|French Voltigeur Uniform
itm_french_voltigeur_body_ranker|French Voltigeur Uniform
itm_french_voltigeur_body_ranker_pl|French Voltigeur Uniform
itm_french_voltigeur_body_sarge|French Voltigeur Uniform
itm_french_voltigeur_body_sarge_pl|French Voltigeur Uniform
itm_french_45e_body_officer|French Infantry Uniform
itm_french_45e_body_officer_pl|French Infantry Uniform
itm_french_45e_body_colours|French Infantry Uniform
itm_french_45e_body_colours_pl|French Infantry Uniform
itm_french_45e_body_ranker|French Infantry Uniform
itm_french_45e_body_ranker_pl|French Infantry Uniform
itm_french_84e_body_officer|French Infantry Uniform
itm_french_84e_body_officer_pl|French Infantry Uniform
itm_french_84e_body_ranker|French Infantry Uniform
itm_french_84e_body_ranker_pl|French Infantry Uniform
itm_french_84e_body_sarge|French Infantry Uniform
itm_french_84e_body_sarge_pl|French Infantry Uniform
itm_french_dragoon_body_ranker|French Dragoon Uniform
itm_french_dragoon_body_ranker_pl|French Dragoon Uniform
itm_french_dragoon_body_officer|French Dragoon Uniform
itm_french_dragoon_body_officer_pl|French Dragoon Uniform
itm_french_general_body_boney|Napoleon's Uniform
itm_french_general_body_boney_pl|Napoleon's Uniform
itm_french_grenadiers_a_cheval_body_colours|French Horse Grenadier Uniform
itm_french_grenadiers_a_cheval_body_colours_pl|French Horse Grenadier Uniform
itm_french_grenadiers_a_cheval_body_ranker|French Horse Grenadier Uniform
itm_french_grenadiers_a_cheval_body_ranker_pl|French Horse Grenadier Uniform
itm_french_grenadiers_a_cheval_body_officer|French Horse Grenadier Uniform
itm_french_grenadiers_a_cheval_body_officer_pl|French Horse Grenadier Uniform
itm_french_gap_body_colours|French Grenadier Uniform
itm_french_gap_body_colours_pl|French Grenadier Uniform
itm_french_gap_body_ranker|French Grenadier Uniform
itm_french_gap_body_ranker_pl|French Grenadier Uniform
itm_french_gap_body_officer|French Grenadier Uniform
itm_french_gap_body_officer_pl|French Grenadier Uniform
itm_french_art_ranker_body|French Artillery Uniform
itm_french_art_ranker_body_pl|French Artillery Uniform
itm_french_art_ranker_body_alt|French Artillery Uniform
itm_french_art_ranker_body_alt_pl|French Artillery Uniform
itm_french_art_officer_body|French Artillery Uniform
itm_french_art_officer_body_pl|French Artillery Uniform
itm_french_vistula_body_ranker|Vistula Legion Uniform
itm_french_vistula_body_ranker_pl|Vistula Legion Uniform
itm_french_vistula_body_colours|Vistula Legion Uniform
itm_french_vistula_body_colours_pl|Vistula Legion Uniform
itm_french_vistula_body_officer|Vistula Legion Uniform
itm_french_vistula_body_officer_pl|Vistula Legion Uniform
itm_french_lancer_body_ranker|French Guard Lancer Uniform
itm_french_lancer_body_ranker_pl|French Guard Lancer Uniform
itm_french_lancer_body_colours|French Guard Lancer Uniform
itm_french_lancer_body_colours_pl|French Guard Lancer Uniform
itm_french_lancer_body_officer|French Guard Lancer Uniform
itm_french_lancer_body_officer_pl|French Guard Lancer Uniform
itm_french_cuirassier_ranker|French Cuirassier Uniform
itm_french_cuirassier_ranker_pl|French Cuirassier Uniform
itm_french_cuirassier_colours|French Cuirassier Uniform
itm_french_cuirassier_colours_pl|French Cuirassier Uniform
itm_french_cuirassier_officer|French Cuirassier Uniform
itm_french_cuirassier_officer_pl|French Cuirassier Uniform
itm_french_carabineer_ranker|French Carabineer Uniform
itm_french_carabineer_ranker_pl|French Carabineer Uniform
itm_french_carabineer_colours|French Carabineer Uniform
itm_french_carabineer_colours_pl|French Carabineer Uniform
itm_french_carabineer_officer|French Carabineer Uniform
itm_french_carabineer_officer_pl|French Carabineer Uniform
itm_french_hussards_ranker|French Hussar Uniform
itm_french_hussards_ranker_pl|French Hussar Uniform
itm_french_hussards_nco|French Hussar Uniform
itm_french_hussards_nco_pl|French Hussar Uniform
itm_french_hussards_officer|French Hussar Uniform
itm_french_hussards_officer_pl|French Hussar Uniform
itm_french_hussards_trumpeter|French Hussar Uniform
itm_french_hussards_trumpeter_pl|French Hussar Uniform
itm_french_sapper|French Sapper Uniform
itm_french_sapper_pl|French Sapper Uniform
itm_french_grap_body_drummer|French Drummer Uniform
itm_french_grap_body_drummer_pl|French Drummer Uniform
itm_french_grap_body_flautist|French Flautist Uniform
itm_french_grap_body_flautist_pl|French Flautist Uniform
itm_french_voltigeur_body_hornist|French Voltigeur Uniform
itm_french_voltigeur_body_hornist_pl|French Voltigeur Uniform
itm_french_45e_body_drummer|French Drummer Uniform
itm_french_45e_body_drummer_pl|French Drummer Uniform
itm_french_45e_body_flautist|French Flautist Uniform
itm_french_45e_body_flautist_pl|French Flautist Uniform
itm_french_84e_body_drummer|French Drummer Uniform
itm_french_84e_body_drummer_pl|French Drummer Uniform
itm_french_84e_body_flautist|French Flautist Uniform
itm_french_84e_body_flautist_pl|French Flautist Uniform
itm_fr_carabineer_trumpeter|French Trumpeter Uniform
itm_fr_carabineer_trumpeter_pl|French Trumpeter Uniform
itm_fr_cuirassier_body_trumpeter|French Trumpeter Uniform
itm_fr_cuirassier_body_trumpeter_pl|French Trumpeter Uniform
itm_french_dragoon_body_trumpeter|French Trumpeter Uniform
itm_french_dragoon_body_trumpeter_pl|French Trumpeter Uniform
itm_french_lancer_trumpeter_body|French Trumpeter Uniform
itm_french_lancer_trumpeter_body_pl|French Trumpeter Uniform
itm_french_vistula_body_drummer|Vistula Legion Uniform
itm_french_vistula_body_drummer_pl|Vistula Legion Uniform
itm_french_vistula_body_flautist|Vistula Legion Uniform
itm_french_vistula_body_flautist_pl|Vistula Legion Uniform
itm_french_dragoon_body_sargent|French Dragoon Uniform
itm_french_dragoon_body_sargent_pl|French Dragoon Uniform
itm_french_arty_train|French Artillery Train Uniform
itm_french_arty_train_pl|French Artillery Train Uniform
itm_french_grenadier_a_cheval_body_trumpeter|French Trumpeter Uniform
itm_french_grenadier_a_cheval_body_trumpeter_pl|French Trumpeter Uniform
itm_french_captain|french captain
itm_french_captain_pl|french captain
itm_french_equipage_batallion|french equipage batallion
itm_french_equipage_batallion_pl|french equipage batallion
itm_french_surgeon|Surgeon Outfit
itm_french_surgeon_pl|Surgeon Outfit
itm_british_infantry_ranker|British Infantry Uniform
itm_british_infantry_ranker_pl|British Infantry Uniform
itm_british_infantry_sarge|British Infantry Uniform
itm_british_infantry_sarge_pl|British Infantry Uniform
itm_british_infantry_officer|British Infantry Uniform
itm_british_infantry_officer_pl|British Infantry Uniform
itm_british_infantry_drum|British Infantry Uniform
itm_british_infantry_drum_pl|British Infantry Uniform
itm_british_infantry_flute|British Infantry Uniform
itm_british_infantry_flute_pl|British Infantry Uniform
itm_british_kgl_ranker|KGL Infantry Uniform
itm_british_kgl_ranker_pl|KGL Infantry Uniform
itm_british_kgl_sarge|KGL Infantry Uniform
itm_british_kgl_sarge_pl|KGL Infantry Uniform
itm_british_kgl_officer|KGL Infantry Uniform
itm_british_kgl_officer_pl|KGL Infantry Uniform
itm_british_kgl_drum|KGL Infantry Uniform
itm_british_kgl_drum_pl|KGL Infantry Uniform
itm_british_kgl_flute|KGL Infantry Uniform
itm_british_kgl_flute_pl|KGL Infantry Uniform
itm_british_highland_ranker|British Highland Infantry Uniform
itm_british_highland_ranker_pl|British Highland Infantry Uniform
itm_british_highland_sarge|British Highland Infantry Uniform
itm_british_highland_sarge_pl|British Highland Infantry Uniform
itm_british_highland_officer|British Highland Infantry Uniform
itm_british_highland_officer_pl|British Highland Infantry Uniform
itm_british_highland_drummer|British Highland Infantry Uniform
itm_british_highland_drummer_pl|British Highland Infantry Uniform
itm_british_highland_piper|British Highland Infantry Uniform
itm_british_highland_piper_pl|British Highland Infantry Uniform
itm_british_highland_piper_2|British Highland Infantry Uniform
itm_british_highland_piper_2_pl|British Highland Infantry Uniform
itm_british_guard_ranker|British Guard Infantry Uniform
itm_british_guard_ranker_pl|British Guard Infantry Uniform
itm_british_guard_sarge|British Guard Infantry Uniform
itm_british_guard_sarge_pl|British Guard Infantry Uniform
itm_british_guard_officer|British Guard Infantry Uniform
itm_british_guard_officer_pl|British Guard Infantry Uniform
itm_british_guard_drum|British Guard Infantry Uniform
itm_british_guard_drum_pl|British Guard Infantry Uniform
itm_british_guard_flute|British Guard Infantry Uniform
itm_british_guard_flute_pl|British Guard Infantry Uniform
itm_british_light_ranker|British Light Infantry Uniform
itm_british_light_ranker_pl|British Light Infantry Uniform
itm_british_light_sarge|British Light Infantry Uniform
itm_british_light_sarge_pl|British Light Infantry Uniform
itm_british_light_officer|British Light Infantry Uniform
itm_british_light_officer_pl|British Light Infantry Uniform
itm_british_light_bugler|British Light Infantry Uniform
itm_british_light_bugler_pl|British Light Infantry Uniform
itm_british_rifle_ranker|British Rifleman Uniform
itm_british_rifle_ranker_pl|British Rifleman Uniform
itm_british_rifle_sarge|British Rifleman Uniform
itm_british_rifle_sarge_pl|British Rifleman Uniform
itm_british_rifle_captain|British Rifleman Uniform
itm_british_rifle_captain_pl|British Rifleman Uniform
itm_british_rifle_bugler|British Rifleman Uniform
itm_british_rifle_bugler_pl|British Rifleman Uniform
itm_british_artillery_ranker|British Artillery Uniform
itm_british_artillery_ranker_pl|British Artillery Uniform
itm_british_artillery_officer|British Artillery Uniform
itm_british_artillery_officer_pl|British Artillery Uniform
itm_british_artillery_train|British Artillery Uniform
itm_british_artillery_train_pl|British Artillery Uniform
itm_british_light_dragoon|British Light Dragoon Uniform
itm_british_light_dragoon_pl|British Light Dragoon Uniform
itm_british_light_dragoon_officer|British Light Dragoon Uniform
itm_british_light_dragoon_officer_pl|British Light Dragoon Uniform
itm_british_inniskilling_ranker|British Dragoon Uniform
itm_british_inniskilling_ranker_pl|British Dragoon Uniform
itm_british_inniskilling_officer|British Dragoon Uniform
itm_british_inniskilling_officer_pl|British Dragoon Uniform
itm_british_blue_ranker|British Horse Guard Uniform
itm_british_blue_ranker_pl|British Horse Guard Uniform
itm_british_blue_officer|British Horse Guard Uniform
itm_british_blue_officer_pl|British Horse Guard Uniform
itm_british_kgl_hussar_ranker|British Horse Guard Uniform
itm_british_kgl_hussar_ranker_pl|British Horse Guard Uniform
itm_british_kgl_hussar_officer|British Horse Guard Uniform
itm_british_kgl_hussar_officer_pl|British Horse Guard Uniform
itm_british_kgl_hussar_trumpeter|British Horse Guard Uniform
itm_british_kgl_hussar_trumpeter_pl|British Horse Guard Uniform
itm_british_wellington|British Wellington Uniform
itm_british_wellington_pl|British Wellington Uniform
itm_british_rocketeer|British Rocketeer Uniform
itm_british_rocketeer_pl|British Rocketeer Uniform
itm_british_sapper|British Sapper Uniform
itm_british_sapper_pl|British Sapper Uniform
itm_british_captain|British Captain Uniform
itm_british_captain_pl|British Captain Uniform
itm_british_royal_marine|British Royal Marine Uniform
itm_british_royal_marine_pl|British Royal Marine Uniform
itm_naked_female_body|naked female body
itm_naked_female_body_pl|naked female body
itm_naked_male_body|naked male body
itm_naked_male_body_pl|naked male body
itm_british_surgeon|Surgeon Outfit
itm_british_surgeon_pl|Surgeon Outfit
itm_prussian_infantry_ranker|Prussian Infantry Uniform
itm_prussian_infantry_ranker_pl|Prussian Infantry Uniform
itm_prussian_infantry_nco|Prussian Infantry Uniform
itm_prussian_infantry_nco_pl|Prussian Infantry Uniform
itm_prussian_infantry_officer|Prussian Infantry Uniform
itm_prussian_infantry_officer_pl|Prussian Infantry Uniform
itm_prussian_infantry_drum|Prussian Infantry Uniform
itm_prussian_infantry_drum_pl|Prussian Infantry Uniform
itm_prussian_infantry_flute|Prussian Infantry Uniform
itm_prussian_infantry_flute_pl|Prussian Infantry Uniform
itm_prussian_dragoon_ranker|Prussian Dragoon Uniform
itm_prussian_dragoon_ranker_pl|Prussian Dragoon Uniform
itm_prussian_dragoon_nco|Prussian Dragoon Uniform
itm_prussian_dragoon_nco_pl|Prussian Dragoon Uniform
itm_prussian_dragoon_officer|Prussian Dragoon Uniform
itm_prussian_dragoon_officer_pl|Prussian Dragoon Uniform
itm_prussian_dragoon_trumpet|Prussian Dragoon Uniform
itm_prussian_dragoon_trumpet_pl|Prussian Dragoon Uniform
itm_prussian_jaeger_ranker|Prussian Jaeger Uniform
itm_prussian_jaeger_ranker_pl|Prussian Jaeger Uniform
itm_prussian_jaeger_ranker_alt|Prussian Jaeger Uniform
itm_prussian_jaeger_ranker_alt_pl|Prussian Jaeger Uniform
itm_prussian_jaeger_nco|Prussian Jaeger Uniform
itm_prussian_jaeger_nco_pl|Prussian Jaeger Uniform
itm_prussian_jaeger_officer|Prussian Jaeger Uniform
itm_prussian_jaeger_officer_pl|Prussian Jaeger Uniform
itm_prussian_jaeger_hornist|Prussian Jaeger Uniform
itm_prussian_jaeger_hornist_pl|Prussian Jaeger Uniform
itm_prussian_guard_ranker|Prussian Foot Guard Uniform
itm_prussian_guard_ranker_pl|Prussian Foot Guard Uniform
itm_prussian_guard_nco|Prussian Foot Guard Uniform
itm_prussian_guard_nco_pl|Prussian Foot Guard Uniform
itm_prussian_guard_officer|Prussian Foot Guard Uniform
itm_prussian_guard_officer_pl|Prussian Foot Guard Uniform
itm_prussian_guard_drummer|Prussian Foot Guard Uniform
itm_prussian_guard_drummer_pl|Prussian Foot Guard Uniform
itm_prussian_guard_flute|Prussian Foot Guard Uniform
itm_prussian_guard_flute_pl|Prussian Foot Guard Uniform
itm_prussian_arty_ranker|Prussian Artillery Uniform
itm_prussian_arty_ranker_pl|Prussian Artillery Uniform
itm_prussian_arty_train|Prussian Artillery Uniform
itm_prussian_arty_train_pl|Prussian Artillery Uniform
itm_prussian_arty_officer|Prussian Artillery Uniform
itm_prussian_arty_officer_pl|Prussian Artillery Uniform
itm_prussian_hussar_ranker|Prussian Hussar Uniform
itm_prussian_hussar_ranker_pl|Prussian Hussar Uniform
itm_prussian_hussar_nco|Prussian Hussar Uniform
itm_prussian_hussar_nco_pl|Prussian Hussar Uniform
itm_prussian_hussar_officer|Prussian Hussar Uniform
itm_prussian_hussar_officer_pl|Prussian Hussar Uniform
itm_prussian_hussar_officer_variant|Prussian Hussar Uniform
itm_prussian_hussar_officer_variant_pl|Prussian Hussar Uniform
itm_prussian_hussar_trumpet|Prussian Hussar Uniform
itm_prussian_hussar_trumpet_pl|Prussian Hussar Uniform
itm_prussian_infantry2_ranker|Prussian Infantry Uniform
itm_prussian_infantry2_ranker_pl|Prussian Infantry Uniform
itm_prussian_infantry2_nco|Prussian Infantry Uniform
itm_prussian_infantry2_nco_pl|Prussian Infantry Uniform
itm_prussian_infantry2_officer|Prussian Infantry Uniform
itm_prussian_infantry2_officer_pl|Prussian Infantry Uniform
itm_prussian_infantry2_drum|Prussian Infantry Uniform
itm_prussian_infantry2_drum_pl|Prussian Infantry Uniform
itm_prussian_infantry2_flute|Prussian Infantry Uniform
itm_prussian_infantry2_flute_pl|Prussian Infantry Uniform
itm_prussian_landwehr_ranker|Prussian Landwehr Uniform
itm_prussian_landwehr_ranker_pl|Prussian Landwehr Uniform
itm_prussian_landwehr_ranker_alt|Prussian Landwehr Uniform
itm_prussian_landwehr_ranker_alt_pl|Prussian Landwehr Uniform
itm_prussian_landwehr_nco|Prussian Landwehr Uniform
itm_prussian_landwehr_nco_pl|Prussian Landwehr Uniform
itm_prussian_landwehr_officer|Prussian Landwehr Uniform
itm_prussian_landwehr_officer_pl|Prussian Landwehr Uniform
itm_prussian_landwehr_drum|Prussian Landwehr Uniform
itm_prussian_landwehr_drum_pl|Prussian Landwehr Uniform
itm_prussian_landwehr_flute|Prussian Landwehr Uniform
itm_prussian_landwehr_flute_pl|Prussian Landwehr Uniform
itm_prussian_landwehr_cav_ranker|Prussian Landwehr Uniform
itm_prussian_landwehr_cav_ranker_pl|Prussian Landwehr Uniform
itm_prussian_landwehr_cav_nco|Prussian Landwehr Uniform
itm_prussian_landwehr_cav_nco_pl|Prussian Landwehr Uniform
itm_prussian_landwehr_cav_officer|Prussian Landwehr Uniform
itm_prussian_landwehr_cav_officer_pl|Prussian Landwehr Uniform
itm_prussian_landwehr_cav_trumpet|Prussian Landwehr Uniform
itm_prussian_landwehr_cav_trumpet_pl|Prussian Landwehr Uniform
itm_prussian_blucher|Blucher's Uniform
itm_prussian_blucher_pl|Blucher's Uniform
itm_prussian_cuirassier_ranker|Prussian Cuirassier Uniform
itm_prussian_cuirassier_ranker_pl|Prussian Cuirassier Uniform
itm_prussian_cuirassier_nco|Prussian Cuirassier Uniform
itm_prussian_cuirassier_nco_pl|Prussian Cuirassier Uniform
itm_prussian_cuirassier_officer|Prussian Cuirassier Uniform
itm_prussian_cuirassier_officer_pl|Prussian Cuirassier Uniform
itm_prussian_cuirassier_trumpet|Prussian Cuirassier Uniform
itm_prussian_cuirassier_trumpet_pl|Prussian Cuirassier Uniform
itm_prussian_freikorps_ranker|Prussian Freikorps Uniform
itm_prussian_freikorps_ranker_pl|Prussian Freikorps Uniform
itm_prussian_freikorps_nco|Prussian Freikorps Uniform
itm_prussian_freikorps_nco_pl|Prussian Freikorps Uniform
itm_prussian_freikorps_officer|Prussian Freikorps Uniform
itm_prussian_freikorps_officer_pl|Prussian Freikorps Uniform
itm_prussian_freikorps_drum|Prussian Freikorps Uniform
itm_prussian_freikorps_drum_pl|Prussian Freikorps Uniform
itm_prussian_freikorps_flute|Prussian Freikorps Uniform
itm_prussian_freikorps_flute_pl|Prussian Freikorps Uniform
itm_prussian_pioneer|Prussian Pioneer Uniform
itm_prussian_pioneer_pl|Prussian Pioneer Uniform
itm_prussian_surgeon|Surgeon Outfit
itm_prussian_surgeon_pl|Surgeon Outfit
itm_russian_infantry1|Russian Infantry Uniform
itm_russian_infantry1_pl|Russian Infantry Uniform
itm_russian_infantry_nco|Russian Infantry Uniform
itm_russian_infantry_nco_pl|Russian Infantry Uniform
itm_russian_infantry_officer|Russian Infantry Uniform
itm_russian_infantry_officer_pl|Russian Infantry Uniform
itm_russian_drummer|Russian Infantry Uniform
itm_russian_drummer_pl|Russian Infantry Uniform
itm_russian_flautist|Russian Infantry Uniform
itm_russian_flautist_pl|Russian Infantry Uniform
itm_russian_hussar_officer|Russian Hussar Uniform
itm_russian_hussar_officer_pl|Russian Hussar Uniform
itm_russian_hussar_nco|Russian Hussar Uniform
itm_russian_hussar_nco_pl|Russian Hussar Uniform
itm_russian_hussar_ranker|Russian Hussar Uniform
itm_russian_hussar_ranker_pl|Russian Hussar Uniform
itm_russian_hussar_trumpeter|Russian Hussar Uniform
itm_russian_hussar_trumpeter_pl|Russian Hussar Uniform
itm_russian_horse_guard|Russian Chevalier-Garde Uniform
itm_russian_horse_guard_pl|Russian Chevalier-Garde Uniform
itm_russian_horse_guard_nco|Russian Chevalier-Garde Uniform
itm_russian_horse_guard_nco_pl|Russian Chevalier-Garde Uniform
itm_russian_horse_guard_officer|Russian Chevalier-Garde Uniform
itm_russian_horse_guard_officer_pl|Russian Chevalier-Garde Uniform
itm_russian_horse_guard_trumpeter|Russian Chevalier-Garde Uniform
itm_russian_horse_guard_trumpeter_pl|Russian Chevalier-Garde Uniform
itm_russian_cossack_officer|Russian Cossack Uniform
itm_russian_cossack_officer_pl|Russian Cossack Uniform
itm_russian_cossack|Russian Cossack Uniform
itm_russian_cossack_pl|Russian Cossack Uniform
itm_kutuzov|Kutuzov Uniform
itm_kutuzov_pl|Kutuzov Uniform
itm_russian_militia_officer|Russian Militia Officer Uniform
itm_russian_militia_officer_pl|Russian Militia Officer Uniform
itm_russian_militia_ranker|Russian Militia Uniform
itm_russian_militia_ranker_pl|Russian Militia Uniform
itm_russian_guard_officer|Russian Guard Infantry Uniform
itm_russian_guard_officer_pl|Russian Guard Infantry Uniform
itm_russian_guard_nco|Russian Guard Infantry Uniform
itm_russian_guard_nco_pl|Russian Guard Infantry Uniform
itm_russian_guard_ranker|Russian Guard Infantry Uniform
itm_russian_guard_ranker_pl|Russian Guard Infantry Uniform
itm_russian_guard_drummer|Russian Guard Infantry Uniform
itm_russian_guard_drummer_pl|Russian Guard Infantry Uniform
itm_russian_guard_flautist|Russian Guard Infantry Uniform
itm_russian_guard_flautist_pl|Russian Guard Infantry Uniform
itm_russian_jaeger_officer|Russian Jaeger Uniform
itm_russian_jaeger_officer_pl|Russian Jaeger Uniform
itm_russian_jaeger_nco|Russian Jaeger Uniform
itm_russian_jaeger_nco_pl|Russian Jaeger Uniform
itm_russian_jaeger_ranker|Russian Jaeger Uniform
itm_russian_jaeger_ranker_pl|Russian Jaeger Uniform
itm_russian_jaeger_musician|Russian Jaeger Uniform
itm_russian_jaeger_musician_pl|Russian Jaeger Uniform
itm_russian_gren_officer|Russian Infantry Uniform
itm_russian_gren_officer_pl|Russian Infantry Uniform
itm_russian_gren_nco|Russian Infantry Uniform
itm_russian_gren_nco_pl|Russian Infantry Uniform
itm_russian_gren_ranker|Russian Infantry Uniform
itm_russian_gren_ranker_pl|Russian Infantry Uniform
itm_russian_arty_officer|Russian Artillery Uniform
itm_russian_arty_officer_pl|Russian Artillery Uniform
itm_russian_arty_nco|Russian Artillery Uniform
itm_russian_arty_nco_pl|Russian Artillery Uniform
itm_russian_arty_ranker|Russian Artillery Uniform
itm_russian_arty_ranker_pl|Russian Artillery Uniform
itm_russian_dragoon_officer|Russian Dragoon Uniform
itm_russian_dragoon_officer_pl|Russian Dragoon Uniform
itm_russian_dragoon_nco|Russian Dragoon Uniform
itm_russian_dragoon_nco_pl|Russian Dragoon Uniform
itm_russian_dragoon_ranker|Russian Dragoon Uniform
itm_russian_dragoon_ranker_pl|Russian Dragoon Uniform
itm_russian_dragoon_trumpeter|Russian Dragoon Uniform
itm_russian_dragoon_trumpeter_pl|Russian Dragoon Uniform
itm_rus_partizan1|Russian Great Coat
itm_rus_partizan1_pl|Russian Great Coat
itm_rus_partizan2|Russian Great Coat
itm_rus_partizan2_pl|Russian Great Coat
itm_russian_uhlan_officer|Russian Uhlan Uniform
itm_russian_uhlan_officer_pl|Russian Uhlan Uniform
itm_russian_uhlan_nco|Russian Uhlan Uniform
itm_russian_uhlan_nco_pl|Russian Uhlan Uniform
itm_russian_uhlan_ranker|Russian Uhlan Uniform
itm_russian_uhlan_ranker_pl|Russian Uhlan Uniform
itm_russian_uhlan_trumpeter|Russian Uhlan Uniform
itm_russian_uhlan_trumpeter_pl|Russian Uhlan Uniform
itm_rus_pioneer|Russian Pioneer Uniform
itm_rus_pioneer_pl|Russian Pioneer Uniform
itm_russian_surgeon|Surgeon Outfit
itm_russian_surgeon_pl|Surgeon Outfit
itm_austrian_infantry|Austrian Infantry Uniform
itm_austrian_infantry_pl|Austrian Infantry Uniform
itm_austrian_infantry_nco|Austrian Infantry Uniform
itm_austrian_infantry_nco_pl|Austrian Infantry Uniform
itm_austrian_infantry_officer|Austrian Infantry Uniform
itm_austrian_infantry_officer_pl|Austrian Infantry Uniform
itm_austrian_infantry_drummer|Austrian Infantry Uniform
itm_austrian_infantry_drummer_pl|Austrian Infantry Uniform
itm_austrian_infantry_fifer|Austrian Infantry Uniform
itm_austrian_infantry_fifer_pl|Austrian Infantry Uniform
itm_austrian_infantry2|Hungarian Infantry Uniform
itm_austrian_infantry2_pl|Hungarian Infantry Uniform
itm_austrian_infantry2_nco|Hungarian Infantry Uniform
itm_austrian_infantry2_nco_pl|Hungarian Infantry Uniform
itm_austrian_infantry2_officer|Hungarian Infantry Uniform
itm_austrian_infantry2_officer_pl|Hungarian Infantry Uniform
itm_austrian_infantry2_drummer|Hungarian Infantry Uniform
itm_austrian_infantry2_drummer_pl|Hungarian Infantry Uniform
itm_austrian_infantry2_fifer|Hungarian Infantry Uniform
itm_austrian_infantry2_fifer_pl|Hungarian Infantry Uniform
itm_austrian_grenadier|Hungarian Infantry Uniform
itm_austrian_grenadier_pl|Hungarian Infantry Uniform
itm_austrian_grenadier_alt|Hungarian Infantry Uniform
itm_austrian_grenadier_alt_pl|Hungarian Infantry Uniform
itm_austrian_grenadier_nco|Hungarian Infantry Uniform
itm_austrian_grenadier_nco_pl|Hungarian Infantry Uniform
itm_austrian_grenadier_officer|Hungarian Infantry Uniform
itm_austrian_grenadier_officer_pl|Hungarian Infantry Uniform
itm_austrian_grenadier_drummer|Hungarian Infantry Uniform
itm_austrian_grenadier_drummer_pl|Hungarian Infantry Uniform
itm_austrian_grenadier_fifer|Hungarian Infantry Uniform
itm_austrian_grenadier_fifer_pl|Hungarian Infantry Uniform
itm_austrian_grenzer|Austrian Grenzer Uniform
itm_austrian_grenzer_pl|Austrian Grenzer Uniform
itm_austrian_grenzer_nco|Austrian Grenzer Uniform
itm_austrian_grenzer_nco_pl|Austrian Grenzer Uniform
itm_austrian_grenzer_officer|Austrian Grenzer Uniform
itm_austrian_grenzer_officer_pl|Austrian Grenzer Uniform
itm_austrian_grenzer_drummer|Austrian Grenzer Uniform
itm_austrian_grenzer_drummer_pl|Austrian Grenzer Uniform
itm_austrian_grenzer_fifer|Austrian Grenzer Uniform
itm_austrian_grenzer_fifer_pl|Austrian Grenzer Uniform
itm_austrian_jaeger|Austrian Jaeger Uniform
itm_austrian_jaeger_pl|Austrian Jaeger Uniform
itm_austrian_jaeger_nco|Austrian Jaeger Uniform
itm_austrian_jaeger_nco_pl|Austrian Jaeger Uniform
itm_austrian_jaeger_officer|Austrian Jaeger Uniform
itm_austrian_jaeger_officer_pl|Austrian Jaeger Uniform
itm_austrian_jaeger_hornist|Austrian Jaeger Uniform
itm_austrian_jaeger_hornist_pl|Austrian Jaeger Uniform
itm_austrian_lightcav|Austrian Chevau-leger Uniform
itm_austrian_lightcav_pl|Austrian Chevau-leger Uniform
itm_austrian_lightcav_nco|Austrian Chevau-leger Uniform
itm_austrian_lightcav_nco_pl|Austrian Chevau-leger Uniform
itm_austrian_lightcav_trumpet|Austrian Chevau-leger Uniform
itm_austrian_lightcav_trumpet_pl|Austrian Chevau-leger Uniform
itm_austrian_lightcav_officer|Austrian Chevau-leger Uniform
itm_austrian_lightcav_officer_pl|Austrian Chevau-leger Uniform
itm_austrian_dragoon|Austrian Dragoon Uniform
itm_austrian_dragoon_pl|Austrian Dragoon Uniform
itm_austrian_dragoon_nco|Austrian Dragoon Uniform
itm_austrian_dragoon_nco_pl|Austrian Dragoon Uniform
itm_austrian_dragoon_trumpet|Austrian Dragoon Uniform
itm_austrian_dragoon_trumpet_pl|Austrian Dragoon Uniform
itm_austrian_dragoon_officer|Austrian Dragoon Uniform
itm_austrian_dragoon_officer_pl|Austrian Dragoon Uniform
itm_austrian_uhlan|Austrian Uhlan Uniform
itm_austrian_uhlan_pl|Austrian Uhlan Uniform
itm_austrian_uhlan_nco|Austrian Uhlan Uniform
itm_austrian_uhlan_nco_pl|Austrian Uhlan Uniform
itm_austrian_uhlan_trumpet|Austrian Uhlan Uniform
itm_austrian_uhlan_trumpet_pl|Austrian Uhlan Uniform
itm_austrian_uhlan_officer|Austrian Uhlan Uniform
itm_austrian_uhlan_officer_pl|Austrian Uhlan Uniform
itm_austrian_arty|Austrian Artillery Uniform
itm_austrian_arty_pl|Austrian Artillery Uniform
itm_austrian_arty_train|Austrian Artillery Uniform
itm_austrian_arty_train_pl|Austrian Artillery Uniform
itm_austrian_arty_officer|Austrian Artillery Uniform
itm_austrian_arty_officer_pl|Austrian Artillery Uniform
itm_austrian_pioneer|Austrian Pioneer Uniform
itm_austrian_pioneer_pl|Austrian Pioneer Uniform
itm_austrian_hussar|Austrian Hussar Uniform
itm_austrian_hussar_pl|Austrian Hussar Uniform
itm_austrian_hussar_nco|Austrian Hussar Uniform
itm_austrian_hussar_nco_pl|Austrian Hussar Uniform
itm_austrian_hussar_trumpet|Austrian Hussar Uniform
itm_austrian_hussar_trumpet_pl|Austrian Hussar Uniform
itm_austrian_hussar_officer|Austrian Hussar Uniform
itm_austrian_hussar_officer_pl|Austrian Hussar Uniform
itm_austrian_cuiraisser|Austrian Cuirassier Uniform
itm_austrian_cuiraisser_pl|Austrian Cuirassier Uniform
itm_austrian_cuiraisser_nco|Austrian Cuirassier Uniform
itm_austrian_cuiraisser_nco_pl|Austrian Cuirassier Uniform
itm_austrian_cuiraisser_trumpet|Austrian Cuirassier Uniform
itm_austrian_cuiraisser_trumpet_pl|Austrian Cuirassier Uniform
itm_austrian_cuiraisser_officer|Austrian Cuirassier Uniform
itm_austrian_cuiraisser_officer_pl|Austrian Cuirassier Uniform
itm_austrian_schwarzenberg|Schwarzenberg's Uniform
itm_austrian_schwarzenberg_pl|Schwarzenberg's Uniform
itm_austrian_surgeon|Surgeon Outfit
itm_austrian_surgeon_pl|Surgeon Outfit
itm_bavarian_inf_ranker|Bavarian Uniform
itm_bavarian_inf_ranker_pl|Bavarian Uniform
itm_bavarian_inf_flagcarrier|Bavarian Uniform
itm_bavarian_inf_flagcarrier_pl|Bavarian Uniform
itm_bavarian_inf_officer|Bavarian Uniform
itm_bavarian_inf_officer_pl|Bavarian Uniform
itm_bavarian_inf_drummer|Bavarian Uniform
itm_bavarian_inf_drummer_pl|Bavarian Uniform
itm_bavarian_inf_flutist|Bavarian Uniform
itm_bavarian_inf_flutist_pl|Bavarian Uniform
itm_bavarian_jaeger_ranker|Bavarian Uniform
itm_bavarian_jaeger_ranker_pl|Bavarian Uniform
itm_bavarian_jaeger_nco|Bavarian Uniform
itm_bavarian_jaeger_nco_pl|Bavarian Uniform
itm_bavarian_jaeger_officer|Bavarian Uniform
itm_bavarian_jaeger_officer_pl|Bavarian Uniform
itm_bavarian_jaeger_hornist|Bavarian Uniform
itm_bavarian_jaeger_hornist_pl|Bavarian Uniform
itm_bavarian_artillery_ranker|Bavarian Uniform
itm_bavarian_artillery_ranker_pl|Bavarian Uniform
itm_bavarian_artillery_train|Bavarian Uniform
itm_bavarian_artillery_train_pl|Bavarian Uniform
itm_bavarian_artillery_officer|Bavarian Uniform
itm_bavarian_artillery_officer_pl|Bavarian Uniform
itm_saxon_inf_ranker|Saxon Uniform
itm_saxon_inf_ranker_pl|Saxon Uniform
itm_saxon_inf_nco|Saxon Uniform
itm_saxon_inf_nco_pl|Saxon Uniform
itm_saxon_inf_officer|Saxon Uniform
itm_saxon_inf_officer_pl|Saxon Uniform
itm_saxon_inf_drummer|Saxon Uniform
itm_saxon_inf_drummer_pl|Saxon Uniform
itm_saxon_inf_fifer|Saxon Uniform
itm_saxon_inf_fifer_pl|Saxon Uniform
itm_saxon_uhlan_ranker|Saxon Uniform
itm_saxon_uhlan_ranker_pl|Saxon Uniform
itm_saxon_uhlan_ranker_alt|Saxon Uniform
itm_saxon_uhlan_ranker_alt_pl|Saxon Uniform
itm_saxon_uhlan_nco|Saxon Uniform
itm_saxon_uhlan_nco_pl|Saxon Uniform
itm_saxon_uhlan_officer|Saxon Uniform
itm_saxon_uhlan_officer_pl|Saxon Uniform
itm_saxon_uhlan_trumpet|Saxon Uniform
itm_saxon_uhlan_trumpet_pl|Saxon Uniform
itm_hessian_inf_ranker|Hessian Uniform
itm_hessian_inf_ranker_pl|Hessian Uniform
itm_hessian_inf_nco|Hessian Uniform
itm_hessian_inf_nco_pl|Hessian Uniform
itm_hessian_inf_officer|Hessian Uniform
itm_hessian_inf_officer_pl|Hessian Uniform
itm_rhine_surgeon|Surgeon Outfit
itm_rhine_surgeon_pl|Surgeon Outfit
itm_westphalian_guard_ranker|Westphalian Uniform
itm_westphalian_guard_ranker_pl|Westphalian Uniform
itm_westphalian_guard_nco|Westphalian Uniform
itm_westphalian_guard_nco_pl|Westphalian Uniform
itm_westphalian_guard_officer|Westphalian Uniform
itm_westphalian_guard_officer_pl|Westphalian Uniform
itm_westphalian_guard_drummer|Westphalian Uniform
itm_westphalian_guard_drummer_pl|Westphalian Uniform
itm_westphalian_guard_fifer|Westphalian Uniform
itm_westphalian_guard_fifer_pl|Westphalian Uniform
itm_saxon_king|Royal Outfit
itm_saxon_king_pl|Royal Outfit
itm_nassau_jaeger_ranker|Nassauer Uniform
itm_nassau_jaeger_ranker_pl|Nassauer Uniform
itm_nassau_jaeger_nco|Nassauer Uniform
itm_nassau_jaeger_nco_pl|Nassauer Uniform
itm_nassau_jaeger_officer|Nassauer Uniform
itm_nassau_jaeger_officer_pl|Nassauer Uniform
itm_nassau_jaeger_trumpet|Nassauer Uniform
itm_nassau_jaeger_trumpet_pl|Nassauer Uniform
itm_wurttemberg_inf_ranker|wurttemberg Uniform
itm_wurttemberg_inf_ranker_pl|wurttemberg Uniform
itm_wurttemberg_inf_flagcarrier|wurttemberg Uniform
itm_wurttemberg_inf_flagcarrier_pl|wurttemberg Uniform
itm_wurttemberg_inf_officer|wurttemberg Uniform
itm_wurttemberg_inf_officer_pl|wurttemberg Uniform
itm_wurttemberg_inf_drummer|wurttemberg Uniform
itm_wurttemberg_inf_drummer_pl|wurttemberg Uniform
itm_wurttemberg_inf_flutist|wurttemberg Uniform
itm_wurttemberg_inf_flutist_pl|wurttemberg Uniform
itm_wurttemberg2_inf_ranker|wurttemberg2 Uniform
itm_wurttemberg2_inf_ranker_pl|wurttemberg2 Uniform
itm_wurttemberg2_inf_flagcarrier|wurttemberg2 Uniform
itm_wurttemberg2_inf_flagcarrier_pl|wurttemberg2 Uniform
itm_wurttemberg2_inf_officer|wurttemberg2 Uniform
itm_wurttemberg2_inf_officer_pl|wurttemberg2 Uniform
itm_wurttemberg2_inf_drummer|wurttemberg2 Uniform
itm_wurttemberg2_inf_drummer_pl|wurttemberg2 Uniform
itm_wurttemberg2_inf_flutist|wurttemberg2 Uniform
itm_wurttemberg2_inf_flutist_pl|wurttemberg2 Uniform
itm_berg_pioneer|berg pioneer Uniform
itm_berg_pioneer_pl|berg pioneer Uniform
itm_saxon_garde_ranker|Saxon Cuirassier Uniform
itm_saxon_garde_ranker_pl|Saxon Cuirassier Uniform
itm_saxon_garde_colours|Saxon Cuirassier Uniform
itm_saxon_garde_colours_pl|Saxon Cuirassier Uniform
itm_saxon_garde_officer|Saxon Cuirassier Uniform
itm_saxon_garde_officer_pl|Saxon Cuirassier Uniform
itm_saxon_garde_body_trumpeter|Saxon Trumpeter Uniform
itm_saxon_garde_body_trumpeter_pl|Saxon Trumpeter Uniform
itm_westphalian_cuirassier_ranker|Westphalian Cuirassier Uniform
itm_westphalian_cuirassier_ranker_pl|Westphalian Cuirassier Uniform
itm_westphalian_cuirassier_colours|Westphalian Cuirassier Uniform
itm_westphalian_cuirassier_colours_pl|Westphalian Cuirassier Uniform
itm_westphalian_cuirassier_officer|Westphalian Cuirassier Uniform
itm_westphalian_cuirassier_officer_pl|Westphalian Cuirassier Uniform
itm_westphalian_cuirassier_body_trumpeter|Westphalian Trumpeter Uniform
itm_westphalian_cuirassier_body_trumpeter_pl|Westphalian Trumpeter Uniform
itm_baden_dragoon_ranker|Austrian Chevau-leger Uniform
itm_baden_dragoon_ranker_pl|Austrian Chevau-leger Uniform
itm_baden_dragoon_nco|Austrian Chevau-leger Uniform
itm_baden_dragoon_nco_pl|Austrian Chevau-leger Uniform
itm_baden_dragoon_trumpet|Austrian Chevau-leger Uniform
itm_baden_dragoon_trumpet_pl|Austrian Chevau-leger Uniform
itm_baden_dragoon_officer|Austrian Chevau-leger Uniform
itm_baden_dragoon_officer_pl|Austrian Chevau-leger Uniform
itm_rus_pavlovsk_ranker|Pavlovsk Ranker Mitras Cap
itm_rus_pavlovsk_ranker_pl|Pavlovsk Ranker Mitras Cap
itm_rus_kyiv_dragoons_all|Russian Dragoon Helmet
itm_rus_kyiv_dragoons_all_pl|Russian Dragoon Helmet
itm_rus_kyiv_dragoons_trumpeter|Russian Dragoon Trumpeter Helmet
itm_rus_kyiv_dragoons_trumpeter_pl|Russian Dragoon Trumpeter Helmet
itm_rus_drummer_shako|Russian Infantry Shako
itm_rus_drummer_shako_pl|Russian Infantry Shako
itm_rus_chevalier_hat|Russian Chevalier-Garde Helmet
itm_rus_chevalier_hat_pl|Russian Chevalier-Garde Helmet
itm_rus_chevalier_hat_officer|Russian Chevalier-Garde Helmet
itm_rus_chevalier_hat_officer_pl|Russian Chevalier-Garde Helmet
itm_rus_chevalier_hat_trumpeter|Russian Chevalier-Garde Helmet
itm_rus_chevalier_hat_trumpeter_pl|Russian Chevalier-Garde Helmet
itm_rus_arty_shako_officer|Russian Artillery Shako
itm_rus_arty_shako_officer_pl|Russian Artillery Shako
itm_rus_arty_shako_nco|Russian Artillery Shako
itm_rus_arty_shako_nco_pl|Russian Artillery Shako
itm_rus_arty_shako_ranker|Russian Artillery Shako
itm_rus_arty_shako_ranker_pl|Russian Artillery Shako
itm_rus_cossack_hat_officer|Cossack Hat
itm_rus_cossack_hat_officer_pl|Cossack Hat
itm_rus_cossack_hat_nco|Cossack Hat
itm_rus_cossack_hat_nco_pl|Cossack Hat
itm_rus_cossack_hat_ranker|Cossack Hat
itm_rus_cossack_hat_ranker_pl|Cossack Hat
itm_rus_hussar_shako_officer|Russian Hussar Shako
itm_rus_hussar_shako_officer_pl|Russian Hussar Shako
itm_rus_hussar_shako_nco|Russian Hussar Shako
itm_rus_hussar_shako_nco_pl|Russian Hussar Shako
itm_rus_hussar_shako_ranker|Russian Hussar Shako
itm_rus_hussar_shako_ranker_pl|Russian Hussar Shako
itm_rus_hussar_shako_trumpeter|Russian Hussar Shako
itm_rus_hussar_shako_trumpeter_pl|Russian Hussar Shako
itm_rus_jaeger_shako_nco|Russian Jaeger Shako
itm_rus_jaeger_shako_nco_pl|Russian Jaeger Shako
itm_rus_jaeger_shako_ranker|Russian Jaeger Shako
itm_rus_jaeger_shako_ranker_pl|Russian Jaeger Shako
itm_kutuzov_hat|Kutuzov Hat
itm_kutuzov_hat_pl|Kutuzov Hat
itm_rus_guard_shako_officer|Russian Guard Infantry Shako
itm_rus_guard_shako_officer_pl|Russian Guard Infantry Shako
itm_rus_guard_shako_nco|Russian Guard Infantry Shako
itm_rus_guard_shako_nco_pl|Russian Guard Infantry Shako
itm_rus_guard_shako_ranker|Russian Guard Infantry Shako
itm_rus_guard_shako_ranker_pl|Russian Guard Infantry Shako
itm_rus_guard_shako_musician|Russian Guard Infantry Shako
itm_rus_guard_shako_musician_pl|Russian Guard Infantry Shako
itm_rus_infantry_officer_shako|Russian Infantry Shako
itm_rus_infantry_officer_shako_pl|Russian Infantry Shako
itm_rus_infantry_shako_nco|Russian Infantry Shako
itm_rus_infantry_shako_nco_pl|Russian Infantry Shako
itm_rus_pioneer_shako|Russian Pioneer Shako
itm_rus_pioneer_shako_pl|Russian Pioneer Shako
itm_rus_partisan_hat1|Peasant's Cap
itm_rus_partisan_hat1_pl|Peasant's Cap
itm_rus_partisan_hat2|Peasant's Cap
itm_rus_partisan_hat2_pl|Peasant's Cap
itm_rus_partisan_hat3|Peasant's Cap
itm_rus_partisan_hat3_pl|Peasant's Cap
itm_rus_partisan_hat4|Peasant's Cap
itm_rus_partisan_hat4_pl|Peasant's Cap
itm_rus_partisan_hat5|Peasant's Cap
itm_rus_partisan_hat5_pl|Peasant's Cap
itm_rus_uhlan_czapka_officer|Russian Uhlan Czapka
itm_rus_uhlan_czapka_officer_pl|Russian Uhlan Czapka
itm_rus_uhlan_czapka_nco|Russian Uhlan Czapka
itm_rus_uhlan_czapka_nco_pl|Russian Uhlan Czapka
itm_rus_uhlan_czapka_ranker|Russian Uhlan Czapka
itm_rus_uhlan_czapka_ranker_pl|Russian Uhlan Czapka
itm_rus_uhlan_czapka_trumpeter|Russian Uhlan Czapka
itm_rus_uhlan_czapka_trumpeter_pl|Russian Uhlan Czapka
itm_french_dragoon_helmet|Dragoon Helmet
itm_french_dragoon_helmet_pl|Dragoon Helmet
itm_french_dragoon_helmet_officer|Dragoon Helmet
itm_french_dragoon_helmet_officer_pl|Dragoon Helmet
itm_french_dragoon_helmet_trumpeter|Dragoon Helmet
itm_french_dragoon_helmet_trumpeter_pl|Dragoon Helmet
itm_french_cuirassier_helmet|Cuirassier Helmet
itm_french_cuirassier_helmet_pl|Cuirassier Helmet
itm_french_cuirassier_helmet_officer|Cuirassier Helmet
itm_french_cuirassier_helmet_officer_pl|Cuirassier Helmet
itm_french_cuirassier_helmet_trumpeter|Cuirassier Helmet
itm_french_cuirassier_helmet_trumpeter_pl|Cuirassier Helmet
itm_french_carabineer_helmet|Carbinier Helmet
itm_french_carabineer_helmet_pl|Carbinier Helmet
itm_french_carabineer_helmet_officer|Carbinier Helmet
itm_french_carabineer_helmet_officer_pl|Carbinier Helmet
itm_french_carabineer_helmet_trumpeter|Carbinier Helmet
itm_french_carabineer_helmet_trumpeter_pl|Carbinier Helmet
itm_french_hussar_shako_colours|Hussar Shako
itm_french_hussar_shako_colours_pl|Hussar Shako
itm_french_hussar_shako_ranker|Hussar Shako
itm_french_hussar_shako_ranker_pl|Hussar Shako
itm_french_hussar_shako_trumpeter|Hussar Shako
itm_french_hussar_shako_trumpeter_pl|Hussar Shako
itm_french_inf_shako_45_ranker|Infantry Shako
itm_french_inf_shako_45_ranker_pl|Infantry Shako
itm_french_vistula_shako_colours|Infantry Shako
itm_french_vistula_shako_colours_pl|Infantry Shako
itm_french_vistula_shako_ranker|Infantry Shako
itm_french_vistula_shako_ranker_pl|Infantry Shako
itm_french_vistula_shako_officer|Infantry Shako
itm_french_vistula_shako_officer_pl|Infantry Shako
itm_french_inf_shako_84_colours|Infantry Shako
itm_french_inf_shako_84_colours_pl|Infantry Shako
itm_french_inf_shako_84_ranker|Infantry Shako
itm_french_inf_shako_84_ranker_pl|Infantry Shako
itm_french_inf_shako_84_officer|Infantry Shako
itm_french_inf_shako_84_officer_pl|Infantry Shako
itm_french_voltigeur_shako_officer|Voltigeur Shako
itm_french_voltigeur_shako_officer_pl|Voltigeur Shako
itm_french_voltigeur_shako_ranker|Voltigeur Shako
itm_french_voltigeur_shako_ranker_pl|Voltigeur Shako
itm_french_ldlg_czapka_officer|Guard Lancer Czapka
itm_french_ldlg_czapka_officer_pl|Guard Lancer Czapka
itm_french_ldlg_czapka_ranker|Guard Lancer Czapka
itm_french_ldlg_czapka_ranker_pl|Guard Lancer Czapka
itm_french_ldlg_czapka_trumpeter|Guard Lancer Czapka
itm_french_ldlg_czapka_trumpeter_pl|Guard Lancer Czapka
itm_french_artillery_bearskin_officer|Artillery Bearskin
itm_french_artillery_bearskin_officer_pl|Artillery Bearskin
itm_french_artillery_bearskin_ranker|Artillery Bearskin
itm_french_artillery_bearskin_ranker_pl|Artillery Bearskin
itm_french_gap_bearskin_officer|Grenadiers a Pied Bearskin
itm_french_gap_bearskin_officer_pl|Grenadiers a Pied Bearskin
itm_french_gap_bearskin_colours|Grenadiers a Pied Bearskin
itm_french_gap_bearskin_colours_pl|Grenadiers a Pied Bearskin
itm_french_gap_bearskin_ranker|Grenadiers a Pied Bearskin
itm_french_gap_bearskin_ranker_pl|Grenadiers a Pied Bearskin
itm_french_sapper_bearskin|Sappeur Bearskin
itm_french_sapper_bearskin_pl|Sappeur Bearskin
itm_french_inf_bicorne_45_officer|Infantry Bicorne
itm_french_inf_bicorne_45_officer_pl|Infantry Bicorne
itm_french_hussar_bearskin_officer|Hussar Bearskin
itm_french_hussar_bearskin_officer_pl|Hussar Bearskin
itm_french_artillery_train_shako|Artillery Train Shako
itm_french_artillery_train_shako_pl|Artillery Train Shako
itm_french_nappy_hat|Napoleon's Bicorne
itm_french_nappy_hat_pl|Napoleon's Bicorne
itm_grach_bearskin_ranker|Grenadiers a Cheval Bearskin
itm_grach_bearskin_ranker_pl|Grenadiers a Cheval Bearskin
itm_grach_bearskin_officer|Grenadiers a Cheval Bearskin
itm_grach_bearskin_officer_pl|Grenadiers a Cheval Bearskin
itm_grach_bearskin_trumpeter|Grenadiers a Cheval Bearskin
itm_grach_bearskin_trumpeter_pl|Grenadiers a Cheval Bearskin
itm_french_captain_hat|french captain hat
itm_french_captain_hat_pl|french captain hat
itm_french_marine_hat|french marine hat
itm_french_marine_hat_pl|french marine hat
itm_french_seaman_hat|french seaman hat
itm_french_seaman_hat_pl|french seaman hat
itm_french_seaman_hat_2|french seaman hat 2
itm_french_seaman_hat_2_pl|french seaman hat 2
itm_aus_arty_bicorn|Artillery Bicorne
itm_aus_arty_bicorn_pl|Artillery Bicorne
itm_aus_arty_cap_bicorn|Artillery Bicorne
itm_aus_arty_cap_bicorn_pl|Artillery Bicorne
itm_aus_arty_train_hat|Artillery Train Hat
itm_aus_arty_train_hat_pl|Artillery Train Hat
itm_aus_cavalry_helmet_officer|Cavalry Helmet
itm_aus_cavalry_helmet_officer_pl|Cavalry Helmet
itm_aus_cavalry_helmet_ranker|Cavalry Helmet
itm_aus_cavalry_helmet_ranker_pl|Cavalry Helmet
itm_aus_cavalry_helmet_trumpeter|Cavalry Helmet
itm_aus_cavalry_helmet_trumpeter_pl|Cavalry Helmet
itm_aus_uhlan_czapka|Uhlan Czapka
itm_aus_uhlan_czapka_pl|Uhlan Czapka
itm_aus_uhlan_czapka_officer|Uhlan Czapka
itm_aus_uhlan_czapka_officer_pl|Uhlan Czapka
itm_aus_uhlan_czapka_trumpeter|Uhlan Czapka
itm_aus_uhlan_czapka_trumpeter_pl|Uhlan Czapka
itm_aus_shwarzenberg_bicorn|Schwarzenberg's Bicorne
itm_aus_shwarzenberg_bicorn_pl|Schwarzenberg's Bicorne
itm_aus_grenadier_bearskin|Grenadier Bearskin
itm_aus_grenadier_bearskin_pl|Grenadier Bearskin
itm_aus_tyrol_hat|Tyrol Hat
itm_aus_tyrol_hat_pl|Tyrol Hat
itm_aus_tyrol_hat_officer|Tyrol Hat
itm_aus_tyrol_hat_officer_pl|Tyrol Hat
itm_aus_pioneer_hat|Pioneer Hat
itm_aus_pioneer_hat_pl|Pioneer Hat
itm_aus_grenadier_bearskin_officer|Grenadier Bearskin
itm_aus_grenadier_bearskin_officer_pl|Grenadier Bearskin
itm_aus_grenzer_officer|Grenz Shako
itm_aus_grenzer_officer_pl|Grenz Shako
itm_aus_grenzer_ranker|Grenz Shako
itm_aus_grenzer_ranker_pl|Grenz Shako
itm_aus_infantry_nco|Infantry Shako
itm_aus_infantry_nco_pl|Infantry Shako
itm_aus_infantry_officer|Infantry Shako
itm_aus_infantry_officer_pl|Infantry Shako
itm_aus_infantry_ranker|Infantry Shako
itm_aus_infantry_ranker_pl|Infantry Shako
itm_aus_hussard_shako_nco|Hussar Shako
itm_aus_hussard_shako_nco_pl|Hussar Shako
itm_aus_hussard_shako_officer|Hussar Shako
itm_aus_hussard_shako_officer_pl|Hussar Shako
itm_aus_hussard_shako_ranker|Hussar Shako
itm_aus_hussard_shako_ranker_pl|Hussar Shako
itm_aus_hussard_shako_trumpeter|Hussar Shako
itm_aus_hussard_shako_trumpeter_pl|Hussar Shako
itm_aus_surgeon_hat|Surgeon Hat
itm_aus_surgeon_hat_pl|Surgeon Hat
itm_british_artillery_shako_officer|Artillery Shako
itm_british_artillery_shako_officer_pl|Artillery Shako
itm_british_artillery_shako_ranker|Artillery Shako
itm_british_artillery_shako_ranker_pl|Artillery Shako
itm_british_rocket_tarleton|Artillery Tarleton
itm_british_rocket_tarleton_pl|Artillery Tarleton
itm_british_kgl_shako_officer|KGL Shako
itm_british_kgl_shako_officer_pl|KGL Shako
itm_british_kgl_shako_ranker|KGL Shako
itm_british_kgl_shako_ranker_pl|KGL Shako
itm_british_light_shako_ranker|Light Infantry Shako
itm_british_light_shako_ranker_pl|Light Infantry Shako
itm_british_light_shako_officer|Light Infantry Shako
itm_british_light_shako_officer_pl|Light Infantry Shako
itm_british_rifle_shako_officer|Rifleman Shako
itm_british_rifle_shako_officer_pl|Rifleman Shako
itm_british_rifle_shako_ranker|Rifleman Shako
itm_british_rifle_shako_ranker_pl|Rifleman Shako
itm_british_rifle_beret|Rifleman Beret
itm_british_rifle_beret_pl|Rifleman Beret
itm_british_rifle_beret_2|Rifleman Beret
itm_british_rifle_beret_2_pl|Rifleman Beret
itm_british_highland_bonnet_ranker|Highlander Bonnet
itm_british_highland_bonnet_ranker_pl|Highlander Bonnet
itm_british_highland_bonnet_ensign|Highlander Bonnet
itm_british_highland_bonnet_ensign_pl|Highlander Bonnet
itm_british_highland_bonnet_officer|Highlander Bonnet
itm_british_highland_bonnet_officer_pl|Highlander Bonnet
itm_british_highland_bonnet_drummer|Highlander Bonnet
itm_british_highland_bonnet_drummer_pl|Highlander Bonnet
itm_british_guard_shako_officer|Guard Infantry Shako
itm_british_guard_shako_officer_pl|Guard Infantry Shako
itm_british_guard_shako_ranker|Guard Infantry Shako
itm_british_guard_shako_ranker_pl|Guard Infantry Shako
itm_33_stovepipe|Infantry Shako
itm_33_stovepipe_pl|Infantry Shako
itm_british_lightdragoon_shako_ranker|Light Dragoon Shako
itm_british_lightdragoon_shako_ranker_pl|Light Dragoon Shako
itm_british_lightdragoon_shako_officer|Light Dragoon Shako
itm_british_lightdragoon_shako_officer_pl|Light Dragoon Shako
itm_british_lightdragoon_shako_trumpeter|Light Dragoon Shako
itm_british_lightdragoon_shako_trumpeter_pl|Light Dragoon Shako
itm_british_iniskilling_helmet_ranker|Dragoon Helmet
itm_british_iniskilling_helmet_ranker_pl|Dragoon Helmet
itm_british_iniskilling_helmet_officer|Dragoon Helmet
itm_british_iniskilling_helmet_officer_pl|Dragoon Helmet
itm_british_iniskilling_helmet_trumpeter|Dragoon Helmet
itm_british_iniskilling_helmet_trumpeter_pl|Dragoon Helmet
itm_british_lifeguard_helmet_ranker|Horse Guard Helmet
itm_british_lifeguard_helmet_ranker_pl|Horse Guard Helmet
itm_british_lifeguard_helmet_officer|Horse Guard Helmet
itm_british_lifeguard_helmet_officer_pl|Horse Guard Helmet
itm_british_lifeguard_helmet_trumpeter|Horse Guard Helmet
itm_british_lifeguard_helmet_trumpeter_pl|Horse Guard Helmet
itm_british_kgl_hussar_bearskin|KGL Hussar Helmet
itm_british_kgl_hussar_bearskin_pl|KGL Hussar Helmet
itm_british_kgl_hussar_officer_bearskin|KGL Hussar Helmet
itm_british_kgl_hussar_officer_bearskin_pl|KGL Hussar Helmet
itm_british_kgl_hussar_bearskin_trumpeter|KGL Hussar Helmet
itm_british_kgl_hussar_bearskin_trumpeter_pl|KGL Hussar Helmet
itm_british_wellington_bicorne|Wellington's Bicorne
itm_british_wellington_bicorne_pl|Wellington's Bicorne
itm_british_captain_hat|british captain hat
itm_british_captain_hat_pl|british captain hat
itm_british_seaman_hat|british seaman hat
itm_british_seaman_hat_pl|british seaman hat
itm_british_seaman_hat_2|british seaman hat 2
itm_british_seaman_hat_2_pl|british seaman hat 2
itm_royal_marine_beret|royal marine beret
itm_royal_marine_beret_pl|royal marine beret
itm_royal_marine_hat|royal marine hat
itm_royal_marine_hat_pl|royal marine hat
itm_british_surgeon_bicorne|Surgeon Bicorne
itm_british_surgeon_bicorne_pl|Surgeon Bicorne
itm_prussian_landwehr_hat|Landwehr Hat
itm_prussian_landwehr_hat_pl|Landwehr Hat
itm_prussian_landwehr_hat_2|Landwehr Hat
itm_prussian_landwehr_hat_2_pl|Landwehr Hat
itm_prussian_landwehr_hat_3|Landwehr Hat
itm_prussian_landwehr_hat_3_pl|Landwehr Hat
itm_prussian_shako|Shako
itm_prussian_shako_pl|Shako
itm_prussian_shako_2|Shako
itm_prussian_shako_2_pl|Shako
itm_prussian_infantry_hat_officer|Officer Cap
itm_prussian_infantry_hat_officer_pl|Officer Cap
itm_prussian_hussar_shako|Hussar Shako
itm_prussian_hussar_shako_pl|Hussar Shako
itm_prussian_hussar_officer_shako|Hussar Shako
itm_prussian_hussar_officer_shako_pl|Hussar Shako
itm_prussian_blucher_hat|Blucher's Cap
itm_prussian_blucher_hat_pl|Blucher's Cap
itm_prussian_arty_shako_officer|Artillery Shako
itm_prussian_arty_shako_officer_pl|Artillery Shako
itm_prussian_arty_shako_ranker|Artillery Shako
itm_prussian_arty_shako_ranker_pl|Artillery Shako
itm_prussian_dragoon_shako_officer|Dragoon Shako
itm_prussian_dragoon_shako_officer_pl|Dragoon Shako
itm_prussian_dragoon_shako_ranker|Dragoon Shako
itm_prussian_dragoon_shako_ranker_pl|Dragoon Shako
itm_prussian_guard_musician_shako|Guard Infantry Shako
itm_prussian_guard_musician_shako_pl|Guard Infantry Shako
itm_prussian_guard_colours_shako|Guard Infantry Shako
itm_prussian_guard_colours_shako_pl|Guard Infantry Shako
itm_prussian_guard_officer_shako|Guard Infantry Shako
itm_prussian_guard_officer_shako_pl|Guard Infantry Shako
itm_prussian_guard_ranker_shako|Guard Infantry Shako
itm_prussian_guard_ranker_shako_pl|Guard Infantry Shako
itm_prussian_inf_off_shako|Infantry Shako
itm_prussian_inf_off_shako_pl|Infantry Shako
itm_prussian_jaeger_officer_shako|Jaeger Shako
itm_prussian_jaeger_officer_shako_pl|Jaeger Shako
itm_prussian_landwehr_cav_shako|Landwehr Shako
itm_prussian_landwehr_cav_shako_pl|Landwehr Shako
itm_prussian_landwehr_cav_shako_officer|Landwehr Shako
itm_prussian_landwehr_cav_shako_officer_pl|Landwehr Shako
itm_prussian_pioneer_shako|Pioneer Shako
itm_prussian_pioneer_shako_pl|Pioneer Shako
itm_prussian_shako_colours|Infantry Shako
itm_prussian_shako_colours_pl|Infantry Shako
itm_prussian_shako_colours_2|Infantry Shako
itm_prussian_shako_colours_2_pl|Infantry Shako
itm_prussian_cuirassier_helmet|Cuirassier Helmet
itm_prussian_cuirassier_helmet_pl|Cuirassier Helmet
itm_prussian_cuirassier_helmet_trumpet|Cuirassier Helmet
itm_prussian_cuirassier_helmet_trumpet_pl|Cuirassier Helmet
itm_prussian_freikorps_officer_hat|Freikorps Hat
itm_prussian_freikorps_officer_hat_pl|Freikorps Hat
itm_prussian_infantry2_hat|Infantry Cap
itm_prussian_infantry2_hat_pl|Infantry Cap
itm_rus_opol_hat_ranker|Opolocheniye Hat
itm_rus_opol_hat_ranker_pl|Opolocheniye Hat
itm_rus_opol_hat_officer|Opolocheniye Hat
itm_rus_opol_hat_officer_pl|Opolocheniye Hat
itm_bavarian_helmet_other_ranks|bavarian helmet other ranks
itm_bavarian_helmet_other_ranks_pl|bavarian helmet other ranks
itm_bavarian_helmet_flagcarrier|bavarian helmet flagcarrier
itm_bavarian_helmet_flagcarrier_pl|bavarian helmet flagcarrier
itm_bavarian_helmet_officer|bavarian helmet officer
itm_bavarian_helmet_officer_pl|bavarian helmet officer
itm_bavarian_jaeger_helmet_other_ranks|Jaeger Helmet
itm_bavarian_jaeger_helmet_other_ranks_pl|Jaeger Helmet
itm_bavarian_jaeger_helmet_officer|Jaeger Helmet
itm_bavarian_jaeger_helmet_officer_pl|Jaeger Helmet
itm_bavarian_helmet_artillery|Artillery Helmet
itm_bavarian_helmet_artillery_pl|Artillery Helmet
itm_bavarian_helmet_train|Artillery Helmet
itm_bavarian_helmet_train_pl|Artillery Helmet
itm_bavarian_helmet_artillery_officer|Artillery Helmet
itm_bavarian_helmet_artillery_officer_pl|Artillery Helmet
itm_saxon_inf_shako_ranker|Infantry Shako
itm_saxon_inf_shako_ranker_pl|Infantry Shako
itm_saxon_inf_shako_nco|Infantry Shako
itm_saxon_inf_shako_nco_pl|Infantry Shako
itm_saxon_inf_shako_officer|Infantry Shako
itm_saxon_inf_shako_officer_pl|Infantry Shako
itm_saxon_uhlan_shako_ranker|Cavalry Shako
itm_saxon_uhlan_shako_ranker_pl|Cavalry Shako
itm_saxon_uhlan_shako_ranker_alt|Cavalry Shako
itm_saxon_uhlan_shako_ranker_alt_pl|Cavalry Shako
itm_saxon_uhlan_shako_nco|Cavalry Shako
itm_saxon_uhlan_shako_nco_pl|Cavalry Shako
itm_saxon_uhlan_shako_officer|Cavalry Shako
itm_saxon_uhlan_shako_officer_pl|Cavalry Shako
itm_saxon_uhlan_shako_trumpeter|Cavalry Shako
itm_saxon_uhlan_shako_trumpeter_pl|Cavalry Shako
itm_hessian_inf_shako_ranker|Infantry Shako
itm_hessian_inf_shako_ranker_pl|Infantry Shako
itm_hessian_inf_shako_nco|Infantry Shako
itm_hessian_inf_shako_nco_pl|Infantry Shako
itm_hessian_inf_bicorne_officer|Infantry Bicorne
itm_hessian_inf_bicorne_officer_pl|Infantry Bicorne
itm_rhine_surgeon_hat|Surgeon Hat
itm_rhine_surgeon_hat_pl|Surgeon Hat
itm_westphalian_hat_ranker|Bearskin
itm_westphalian_hat_ranker_pl|Bearskin
itm_westphalian_hat_officer|Bearskin
itm_westphalian_hat_officer_pl|Bearskin
itm_saxonyking_hat|Friedrich August Hat
itm_saxonyking_hat_pl|Friedrich August Hat
itm_nassau_jaeger_hat_ranker|Bearskin
itm_nassau_jaeger_hat_ranker_pl|Bearskin
itm_nassau_jaeger_hat_officer|Bearskin
itm_nassau_jaeger_hat_officer_pl|Bearskin
itm_wurttemberg_helmet_other_ranks|wurttemberg helmet other ranks
itm_wurttemberg_helmet_other_ranks_pl|wurttemberg helmet other ranks
itm_wurttemberg_helmet_flagcarrier|wurttemberg helmet flagcarrier
itm_wurttemberg_helmet_flagcarrier_pl|wurttemberg helmet flagcarrier
itm_wurttemberg_helmet_officer|wurttemberg helmet officer
itm_wurttemberg_helmet_officer_pl|wurttemberg helmet officer
itm_wurttemberg2_helmet_other_ranks|wurttemberg helmet other ranks
itm_wurttemberg2_helmet_other_ranks_pl|wurttemberg helmet other ranks
itm_wurttemberg2_helmet_flagcarrier|wurttemberg helmet flagcarrier
itm_wurttemberg2_helmet_flagcarrier_pl|wurttemberg helmet flagcarrier
itm_wurttemberg2_helmet_officer|wurttemberg helmet officer
itm_wurttemberg2_helmet_officer_pl|wurttemberg helmet officer
itm_berg_pioneer_bearskin|Bearskin
itm_berg_pioneer_bearskin_pl|Bearskin
itm_saxon_helmet_other_ranks|saxon helmet other ranks
itm_saxon_helmet_other_ranks_pl|saxon helmet other ranks
itm_saxon_helmet_flagcarrier|saxon helmet flagcarrier
itm_saxon_helmet_flagcarrier_pl|saxon helmet flagcarrier
itm_saxon_helmet_officer|saxon helmet officer
itm_saxon_helmet_officer_pl|saxon helmet officer
itm_saxon_helmet_trumpeter|saxon helmet officer
itm_saxon_helmet_trumpeter_pl|saxon helmet officer
itm_westphalian_helmet_other_ranks|westphalian helmet other ranks
itm_westphalian_helmet_other_ranks_pl|westphalian helmet other ranks
itm_westphalian_helmet_flagcarrier|westphalian helmet flagcarrier
itm_westphalian_helmet_flagcarrier_pl|westphalian helmet flagcarrier
itm_westphalian_helmet_officer|westphalian helmet officer
itm_westphalian_helmet_officer_pl|westphalian helmet officer
itm_westphalian_helmet_trumpeter|westphalian helmet officer
itm_westphalian_helmet_trumpeter_pl|westphalian helmet officer
itm_badner_helmet_flagcarrier|badner helmet flagcarrier
itm_badner_helmet_flagcarrier_pl|badner helmet flagcarrier
itm_badner_helmet_officer|badner helmet officer
itm_badner_helmet_officer_pl|badner helmet officer
itm_badner_helmet_ranker|badner helmet officer
itm_badner_helmet_ranker_pl|badner helmet officer
itm_badner_helmet_trumpeter|badner helmet officer
itm_badner_helmet_trumpeter_pl|badner helmet officer
itm_pirate_hat|Pirate Hat
itm_pirate_hat_pl|Pirate Hat
itm_french_voltigeur_pants|Voltigeur Pants
itm_french_voltigeur_pants_pl|Voltigeur Pants
itm_french_voltigeur_officer_pants|Infantry Pants
itm_french_voltigeur_officer_pants_pl|Infantry Pants
itm_french_dragoon_pants|Cavalry Boots
itm_french_dragoon_pants_pl|Cavalry Boots
itm_french_general_boots|General's Boots
itm_french_general_boots_pl|General's Boots
itm_french_grenadiers_a_cheval_pants|Cavalry Boots
itm_french_grenadiers_a_cheval_pants_pl|Cavalry Boots
itm_french_vistula_pants|Hessian Boots
itm_french_vistula_pants_pl|Hessian Boots
itm_french_lancer_pants|Cavalry Pants
itm_french_lancer_pants_pl|Cavalry Pants
itm_french_lancer_officer_pants|Cavalry Pants
itm_french_lancer_officer_pants_pl|Cavalry Pants
itm_french_hussards_ranker_pants|Cavalry Pants
itm_french_hussards_ranker_pants_pl|Cavalry Pants
itm_french_hussards_officer_pants|Cavalry Pants
itm_french_hussards_officer_pants_pl|Cavalry Pants
itm_french_hussards_trumpeter_pants|Cavalry Pants
itm_french_hussards_trumpeter_pants_pl|Cavalry Pants
itm_french_sappeur_pants|Hessian Boots
itm_french_sappeur_pants_pl|Hessian Boots
itm_french_art_ranker_pants|Artillery Gaiters
itm_french_art_ranker_pants_pl|Artillery Gaiters
itm_french_grap_pants|Grenadier Gaiters
itm_french_grap_pants_pl|Grenadier Gaiters
itm_fr_arty_captain_bottefortes|Artillery Boots
itm_fr_arty_captain_bottefortes_pl|Artillery Boots
itm_fr_arty_train_bottefortes|Artillery Boots
itm_fr_arty_train_bottefortes_pl|Artillery Boots
itm_fr_officer_bottefortes|Officer Boots
itm_fr_officer_bottefortes_pl|Officer Boots
itm_french_captain_pants|Officer Boots
itm_french_captain_pants_pl|Officer Boots
itm_french_basic_infantry_pants|Infantry Boots
itm_french_basic_infantry_pants_pl|Infantry Boots
itm_french_captain_pants_blue|Officer Boots
itm_french_captain_pants_blue_pl|Officer Boots
itm_french_equipage_batallion_pants|Infantry Boots
itm_french_equipage_batallion_pants_pl|Infantry Boots
itm_french_sailor_pants|Infantry Boots
itm_french_sailor_pants_pl|Infantry Boots
itm_french_sailor_pants_female|Infantry Boots
itm_french_sailor_pants_female_pl|Infantry Boots
itm_french_surgeon_pants|Surgeon Pants
itm_french_surgeon_pants_pl|Surgeon Pants
itm_rus_infantry_pants1|Infantry Gaiters
itm_rus_infantry_pants1_pl|Infantry Gaiters
itm_rus_infantry_pants2|Infantry Boots
itm_rus_infantry_pants2_pl|Infantry Boots
itm_rus_hussar_pants1|Cavalry Gaiters
itm_rus_hussar_pants1_pl|Cavalry Gaiters
itm_rus_hussar_pants2|Cavalry Gaiters
itm_rus_hussar_pants2_pl|Cavalry Gaiters
itm_rus_hussar_pants_nco|Hussar Hessians
itm_rus_hussar_pants_nco_pl|Hussar Hessians
itm_rus_hussar_pants_officer|Hussar Hessians
itm_rus_hussar_pants_officer_pl|Hussar Hessians
itm_rus_horse_guard_pants|Cavalry Boots
itm_rus_horse_guard_pants_pl|Cavalry Boots
itm_rus_cossack_off_pants|Cossack Pants
itm_rus_cossack_off_pants_pl|Cossack Pants
itm_rus_kutuzov_pants|General's Boots
itm_rus_kutuzov_pants_pl|General's Boots
itm_rus_militia_off_pants|Militia Boots
itm_rus_militia_off_pants_pl|Militia Boots
itm_rus_militia_ranker_pants|Militia Boots
itm_rus_militia_ranker_pants_pl|Militia Boots
itm_rus_militia_ranker_pants1|Militia Pants
itm_rus_militia_ranker_pants1_pl|Militia Pants
itm_rus_jaeger_pants|Jaeger Boots
itm_rus_jaeger_pants_pl|Jaeger Boots
itm_rus_arty_pants|Artillery Boots
itm_rus_arty_pants_pl|Artillery Boots
itm_rus_dragoon_pants1|Cavalry Gaiters
itm_rus_dragoon_pants1_pl|Cavalry Gaiters
itm_rus_dragoon_pants2|Cavalry Gaiters
itm_rus_dragoon_pants2_pl|Cavalry Gaiters
itm_rus_uhlan_pants|Cavalry Pants
itm_rus_uhlan_pants_pl|Cavalry Pants
itm_austrian_infantry_pants|Infantry Boots
itm_austrian_infantry_pants_pl|Infantry Boots
itm_hungarian_pants|Infantry Shoes
itm_hungarian_pants_pl|Infantry Shoes
itm_hungarian_pants_officer|Infantry Boots
itm_hungarian_pants_officer_pl|Infantry Boots
itm_austrian_jaeger_pants|Jaeger Boots
itm_austrian_jaeger_pants_pl|Jaeger Boots
itm_austrian_jaeger_pants_officer|Jaeger Boots
itm_austrian_jaeger_pants_officer_pl|Jaeger Boots
itm_hungarian_hussar_pants|Hussar Hessians
itm_hungarian_hussar_pants_pl|Hussar Hessians
itm_hungarian_uhlan_pants|Hussar Hessians
itm_hungarian_uhlan_pants_pl|Hussar Hessians
itm_austrian_schwarzenberg_pants|Schwarzenberg's Pants
itm_austrian_schwarzenberg_pants_pl|Schwarzenberg's Pants
itm_austrian_officer_boots|Infantry Boots
itm_austrian_officer_boots_pl|Infantry Boots
itm_austrian_cavalry_boots|Cavalry Boots
itm_austrian_cavalry_boots_pl|Cavalry Boots
itm_british_highland_kilt|Kilt
itm_british_highland_kilt_pl|Kilt
itm_british_highland_kilt_2|Kilt
itm_british_highland_kilt_2_pl|Kilt
itm_british_highland_kilt_officer|Kilt
itm_british_highland_kilt_officer_pl|Kilt
itm_british_rifle_captain_pants|Rifleman Gaiters
itm_british_rifle_captain_pants_pl|Rifleman Gaiters
itm_british_rifle_pants_green|Rifleman Boots
itm_british_rifle_pants_green_pl|Rifleman Boots
itm_british_rifle_pants_grey|Rifleman Boots
itm_british_rifle_pants_grey_pl|Rifleman Boots
itm_british_rifle_pants_rolled|Rifleman Pants
itm_british_rifle_pants_rolled_pl|Rifleman Pants
itm_british_coldstream_pants|Infantry Pants
itm_british_coldstream_pants_pl|Infantry Pants
itm_british_sapper_pants|Sapper Pants
itm_british_sapper_pants_pl|Sapper Pants
itm_british_wellington_pants|Wellington's Pants
itm_british_wellington_pants_pl|Wellington's Pants
itm_british_light_dragoon_pants|Light Dragoon Pants
itm_british_light_dragoon_pants_pl|Light Dragoon Pants
itm_british_rocketeer_pants|Cavalry Pants
itm_british_rocketeer_pants_pl|Cavalry Pants
itm_british_cav_pants|Cavalry Pants
itm_british_cav_pants_pl|Cavalry Pants
itm_british_kgl_hussar_pants|Cavalry Pants
itm_british_kgl_hussar_pants_pl|Cavalry Pants
itm_british_kgl_hussar_officer_pants|Cavalry Pants
itm_british_kgl_hussar_officer_pants_pl|Cavalry Pants
itm_british_captain_legs|british captain legs
itm_british_captain_legs_pl|british captain legs
itm_sailor_pants|sailor pants
itm_sailor_pants_pl|sailor pants
itm_sailor_pants_female|sailor pants female
itm_sailor_pants_female_pl|sailor pants female
itm_prussian_infantry_pants|Infantry Boots
itm_prussian_infantry_pants_pl|Infantry Boots
itm_prussian_jaeger_pants|Infantry Boots
itm_prussian_jaeger_pants_pl|Infantry Boots
itm_prussian_landwehr_pants|Landwehr Pants
itm_prussian_landwehr_pants_pl|Landwehr Pants
itm_prussian_landwehr_pants2|Landwehr Pants
itm_prussian_landwehr_pants2_pl|Landwehr Pants
itm_prussian_blucher_pants|Blucher's Pants
itm_prussian_blucher_pants_pl|Blucher's Pants
itm_prussian_cavalry_pants|Cavalry Pants
itm_prussian_cavalry_pants_pl|Cavalry Pants
itm_prussian_cavalry_pants2|Cavalry Pants
itm_prussian_cavalry_pants2_pl|Cavalry Pants
itm_prussian_hussar_pants|Cavalry Boots
itm_prussian_hussar_pants_pl|Cavalry Boots
itm_prussian_hussar_pants_officer|Cavalry Hessians
itm_prussian_hussar_pants_officer_pl|Cavalry Hessians
itm_prussian_freikorps_pants|Freikorps Pants
itm_prussian_freikorps_pants_pl|Freikorps Pants
itm_bavarian_infantry_pants|Infantry Boots
itm_bavarian_infantry_pants_pl|Infantry Boots
itm_bavarian_pants_officer|Infantry Boots
itm_bavarian_pants_officer_pl|Infantry Boots
itm_bavarian_artillery_pants|Artillery Pants
itm_bavarian_artillery_pants_pl|Artillery Pants
itm_bavarian_artillery_pants_officer|Artillery Boots
itm_bavarian_artillery_pants_officer_pl|Artillery Boots
itm_saxon_uhlan_pants|Cavalry Boots
itm_saxon_uhlan_pants_pl|Cavalry Boots
itm_saxon_uhlan_pants_alt|Cavalry Boots
itm_saxon_uhlan_pants_alt_pl|Cavalry Boots
itm_saxon_uhlan_pants_officer|Cavalry Boots
itm_saxon_uhlan_pants_officer_pl|Cavalry Boots
itm_hessian_infantry_pants|Infantry Boots
itm_hessian_infantry_pants_pl|Infantry Boots
itm_hessian_infantry_pants_officer|Infantry Boots
itm_hessian_infantry_pants_officer_pl|Infantry Boots
itm_nassau_jaeger_pants|Cavalry Boots
itm_nassau_jaeger_pants_pl|Cavalry Boots
itm_nassau_jaeger_pants_officer|Cavalry Boots
itm_nassau_jaeger_pants_officer_pl|Cavalry Boots
itm_wurttemberg_pants_all_ranks|Infantry Boots
itm_wurttemberg_pants_all_ranks_pl|Infantry Boots
itm_wurttemberg_pants_officer|Infantry Boots
itm_wurttemberg_pants_officer_pl|Infantry Boots
itm_wurttemberg_grenadier_pants|Infantry Boots
itm_wurttemberg_grenadier_pants_pl|Infantry Boots
itm_berg_pioneer_pants|Infantry Boots
itm_berg_pioneer_pants_pl|Infantry Boots
itm_garde_du_corps_pants_ranker|Cavalry Boots
itm_garde_du_corps_pants_ranker_pl|Cavalry Boots
itm_garde_du_corps_pants|Cavalry Boots
itm_garde_du_corps_pants_pl|Cavalry Boots
itm_baden_dragoon_pants|Cavalry Boots
itm_baden_dragoon_pants_pl|Cavalry Boots
itm_officer_gloves|Officer Gloves
itm_officer_gloves_pl|Officer Gloves
itm_drummer_gloves|Drummer Gloves
itm_drummer_gloves_pl|Drummer Gloves
itm_rus_chevgarde_gloves|Gloves
itm_rus_chevgarde_gloves_pl|Gloves
itm_fr_cuirassier_gloves|Gloves
itm_fr_cuirassier_gloves_pl|Gloves
itm_fr_artillery_gloves|Gloves
itm_fr_artillery_gloves_pl|Gloves
itm_br_cavalry_gloves|Gloves
itm_br_cavalry_gloves_pl|Gloves
itm_br_horseguard_gloves|Gloves
itm_br_horseguard_gloves_pl|Gloves
itm_br_cavalry_gloves_short|Gloves
itm_br_cavalry_gloves_short_pl|Gloves
itm_br_horseguard_gloves_short|Gloves
itm_br_horseguard_gloves_short_pl|Gloves
itm_hussar_horse_french|Koń lekkozbrojny
itm_hussar_horse_french_pl|Koń lekkozbrojny
itm_hussar_horse_french_trumpet|Koń lekkozbrojny
itm_hussar_horse_french_trumpet_pl|Koń lekkozbrojny
itm_lancer_horse_french|Koń lekkozbrojny
itm_lancer_horse_french_pl|Koń lekkozbrojny
itm_lancer_horse_french_trumpet|Koń lekkozbrojny
itm_lancer_horse_french_trumpet_pl|Koń lekkozbrojny
itm_dragoon_horse_french|Koń średniozbrojny
itm_dragoon_horse_french_pl|Koń średniozbrojny
itm_dragoon_horse_french_trumpet|Koń średniozbrojny
itm_dragoon_horse_french_trumpet_pl|Koń średniozbrojny
itm_cuirassier_horse_french|Koń ciężkozbrojny
itm_cuirassier_horse_french_pl|Koń ciężkozbrojny
itm_cuirassier_horse_french_officer|Koń ciężkozbrojny
itm_cuirassier_horse_french_officer_pl|Koń ciężkozbrojny
itm_cuirassier_horse_french_trumpet|Koń ciężkozbrojny
itm_cuirassier_horse_french_trumpet_pl|Koń ciężkozbrojny
itm_carabineer_horse_french|Koń ciężkozbrojny
itm_carabineer_horse_french_pl|Koń ciężkozbrojny
itm_carabineer_horse_french_officer|Koń ciężkozbrojny
itm_carabineer_horse_french_officer_pl|Koń ciężkozbrojny
itm_carabineer_horse_french_trumpet|Koń ciężkozbrojny
itm_carabineer_horse_french_trumpet_pl|Koń ciężkozbrojny
itm_heavy_horse_french|Koń ciężkozbrojny
itm_heavy_horse_french_pl|Koń ciężkozbrojny
itm_heavy_horse_french_trumpet|Koń ciężkozbrojny
itm_heavy_horse_french_trumpet_pl|Koń ciężkozbrojny
itm_lightdragoon_horse_britain_1|Koń lekkozbrojny
itm_lightdragoon_horse_britain_1_pl|Koń lekkozbrojny
itm_lightdragoon_horse_britain_2|Koń lekkozbrojny
itm_lightdragoon_horse_britain_2_pl|Koń lekkozbrojny
itm_lightdragoon_horse_britain_3|Koń lekkozbrojny
itm_lightdragoon_horse_britain_3_pl|Koń lekkozbrojny
itm_lightdragoon_horse_britain_4|Koń lekkozbrojny
itm_lightdragoon_horse_britain_4_pl|Koń lekkozbrojny
itm_kgl_horse_britain|Koń lekkozbrojny
itm_kgl_horse_britain_pl|Koń lekkozbrojny
itm_heavydragoon_horse_britain|Koń ciężkozbrojny
itm_heavydragoon_horse_britain_pl|Koń ciężkozbrojny
itm_heavy_horse_britain|Koń ciężkozbrojny
itm_heavy_horse_britain_pl|Koń ciężkozbrojny
itm_lancer_horse_prussia_1|Koń lekkozbrojny
itm_lancer_horse_prussia_1_pl|Koń lekkozbrojny
itm_lancer_horse_prussia_2|Koń lekkozbrojny
itm_lancer_horse_prussia_2_pl|Koń lekkozbrojny
itm_hussar_horse_prussia_1|Koń lekkozbrojny
itm_hussar_horse_prussia_1_pl|Koń lekkozbrojny
itm_hussar_horse_prussia_2|Koń lekkozbrojny
itm_hussar_horse_prussia_2_pl|Koń lekkozbrojny
itm_dragoon_horse_prussia_1|Koń średniozbrojny
itm_dragoon_horse_prussia_1_pl|Koń średniozbrojny
itm_dragoon_horse_prussia_2|Koń średniozbrojny
itm_dragoon_horse_prussia_2_pl|Koń średniozbrojny
itm_heavy_horse_prussia_1|Koń ciężkozbrojny
itm_heavy_horse_prussia_1_pl|Koń ciężkozbrojny
itm_heavy_horse_prussia_2|Koń ciężkozbrojny
itm_heavy_horse_prussia_2_pl|Koń ciężkozbrojny
itm_cossack_horse_russia_1|Koń lekkozbrojny
itm_cossack_horse_russia_1_pl|Koń lekkozbrojny
itm_cossack_horse_russia_2|Koń lekkozbrojny
itm_cossack_horse_russia_2_pl|Koń lekkozbrojny
itm_cossack_horse_russia_3|Koń lekkozbrojny
itm_cossack_horse_russia_3_pl|Koń lekkozbrojny
itm_cossack_horse_russia_4|Koń lekkozbrojny
itm_cossack_horse_russia_4_pl|Koń lekkozbrojny
itm_lancer_horse_russia|Koń lekkozbrojny
itm_lancer_horse_russia_pl|Koń lekkozbrojny
itm_hussar_horse_russia|Koń lekkozbrojny
itm_hussar_horse_russia_pl|Koń lekkozbrojny
itm_dragoon_horse_russia|Koń średniozbrojny
itm_dragoon_horse_russia_pl|Koń średniozbrojny
itm_heavy_horse_russia|Koń ciężkozbrojny
itm_heavy_horse_russia_pl|Koń ciężkozbrojny
itm_lancer_horse_austria|Koń lekkozbrojny
itm_lancer_horse_austria_pl|Koń lekkozbrojny
itm_hussar_horse_austria|Koń lekkozbrojny
itm_hussar_horse_austria_pl|Koń lekkozbrojny
itm_lightcav_horse_austria|Koń lekkozbrojny
itm_lightcav_horse_austria_pl|Koń lekkozbrojny
itm_dragoon_horse_austria|Koń średniozbrojny
itm_dragoon_horse_austria_pl|Koń średniozbrojny
itm_heavy_horse_austria|Koń ciężkozbrojny
itm_heavy_horse_austria_pl|Koń ciężkozbrojny
itm_lancer_horse_rhine|Koń średniozbrojny
itm_lancer_horse_rhine_pl|Koń średniozbrojny
itm_lancer_horse_rhine_officer|Koń średniozbrojny
itm_lancer_horse_rhine_officer_pl|Koń średniozbrojny
itm_hussar_horse_rhine|Koń lekkozbrojny
itm_hussar_horse_rhine_pl|Koń lekkozbrojny
itm_hussar_horse_rhine_officer|Koń lekkozbrojny
itm_hussar_horse_rhine_officer_pl|Koń lekkozbrojny
itm_lightcav_horse_rhine|Koń lekkozbrojny
itm_lightcav_horse_rhine_pl|Koń lekkozbrojny
itm_cuirassier_horse_rhine|Koń ciężkozbrojny
itm_cuirassier_horse_rhine_pl|Koń ciężkozbrojny
itm_cuirassier_horse_rhine_officer|Koń ciężkozbrojny
itm_cuirassier_horse_rhine_officer_pl|Koń ciężkozbrojny
itm_garde_du_corps_horse_rhine|Koń ciężkozbrojny
itm_garde_du_corps_horse_rhine_pl|Koń ciężkozbrojny
itm_garde_du_corps_horse_rhine_officer|Koń ciężkozbrojny
itm_garde_du_corps_horse_rhine_officer_pl|Koń ciężkozbrojny
itm_lancer_horse_placeholder|Koń lekkozbrojny
itm_lancer_horse_placeholder_pl|Koń lekkozbrojny
itm_hussar_horse_placeholder|Koń lekkozbrojny
itm_hussar_horse_placeholder_pl|Koń lekkozbrojny
itm_dragoon_horse_placeholder|Koń średniozbrojny
itm_dragoon_horse_placeholder_pl|Koń średniozbrojny
itm_heavy_horse_placeholder|Koń ciężkozbrojny
itm_heavy_horse_placeholder_pl|Koń ciężkozbrojny
itm_admin_horse|Koń Admina
itm_admin_horse_pl|Konie Admina
itm_arty_horse_cannon_french|Koń artyleryjski
itm_arty_horse_cannon_french_pl|Konie artyleryjskie
itm_arty_horse_cannon_british|Koń artyleryjski
itm_arty_horse_cannon_british_pl|Konie artyleryjskie
itm_arty_horse_cannon_russian|Koń artyleryjski
itm_arty_horse_cannon_russian_pl|Konie artyleryjskie
itm_arty_horse_cannon_austrian|Koń artyleryjski
itm_arty_horse_cannon_austrian_pl|Konie artyleryjskie
itm_arty_horse_cannon_prussian|Koń artyleryjski
itm_arty_horse_cannon_prussian_pl|Konie artyleryjskie
itm_arty_horse_howitzer_french|Koń artyleryjski
itm_arty_horse_howitzer_french_pl|Konie artyleryjskie
itm_arty_horse_howitzer_british|Koń artyleryjski
itm_arty_horse_howitzer_british_pl|Konie artyleryjskie
itm_arty_horse_howitzer_russian|Koń artyleryjski
itm_arty_horse_howitzer_russian_pl|Konie artyleryjskie
itm_arty_horse_howitzer_austrian|Koń artyleryjski
itm_arty_horse_howitzer_austrian_pl|Konie artyleryjskie
itm_arty_horse_howitzer_prussian|Koń artyleryjski
itm_arty_horse_howitzer_prussian_pl|Konie artyleryjskie
itm_items_end|Koniec przedmiotów
itm_items_end_pl|Koniec przedmiotów
