itm_no_item|INVALID ITEM
itm_no_item_pl|INVALID ITEM 
itm_french_cav_pistol|手 枪 
itm_french_cav_pistol_pl|手 枪 
itm_french_officer_pistol|手 枪 
itm_french_officer_pistol_pl|手 枪 
itm_french_pistol_1766|手 枪 
itm_french_pistol_1766_pl|手 枪 
itm_french_pistol_1777|手 枪 
itm_french_pistol_1777_pl|手 枪 
itm_russian_pistol|手 枪 
itm_russian_pistol_pl|手 枪 
itm_british_pistol|手 枪 
itm_british_pistol_pl|手 枪 
itm_french_mousquiton|骑 兵 卡 宾 枪 
itm_french_mousquiton_pl|骑 兵 卡 宾 枪 
itm_french_mousquiton_melee|骑 兵 卡 宾 枪 
itm_french_mousquiton_melee_pl|骑 兵 卡 宾 枪 
itm_french_mousquiton_ai|骑 兵 卡 宾 枪 
itm_french_mousquiton_ai_pl|骑 兵 卡 宾 枪 
itm_french_mousquiton_light|轻 骑 兵 卡 宾 枪 
itm_french_mousquiton_light_pl|轻 骑 兵 卡 宾 枪 
itm_french_mousquiton_light_melee|轻 骑 兵 卡 宾 枪 
itm_french_mousquiton_light_melee_pl|轻 骑 兵 卡 宾 枪 
itm_french_mousquiton_light_ai|轻 骑 兵 卡 宾 枪 
itm_french_mousquiton_light_ai_pl|轻 骑 兵 卡 宾 枪 
itm_french_dragoon_musket|骑 兵 火 枪 
itm_french_dragoon_musket_pl|骑 兵 火 枪 
itm_french_dragoon_musket_melee|骑 兵 火 枪 
itm_french_dragoon_musket_melee_pl|骑 兵 火 枪 
itm_french_dragoon_musket_ai|骑 兵 火 枪 
itm_french_dragoon_musket_ai_pl|骑 兵 火 枪 
itm_russian_dragoon_musket|骑 兵 火 枪 
itm_russian_dragoon_musket_pl|骑 兵 火 枪 
itm_russian_dragoon_musket_melee|骑 兵 火 枪 
itm_russian_dragoon_musket_melee_pl|骑 兵 火 枪 
itm_russian_dragoon_musket_ai|骑 兵 火 枪 
itm_russian_dragoon_musket_ai_pl|骑 兵 火 枪 
itm_russian_cavalry_stutzer_1803|短 卡 宾 枪 
itm_russian_cavalry_stutzer_1803_pl|短 卡 宾 枪 
itm_russian_gusarskiy_karabin|短 火 枪 
itm_russian_gusarskiy_karabin_pl|短 火 枪 
itm_russian_gusarskiy_karabin_melee|短 火 枪 
itm_russian_gusarskiy_karabin_melee_pl|短 火 枪 
itm_russian_gusarskiy_karabin_ai|短 火 枪 
itm_russian_gusarskiy_karabin_ai_pl|短 火 枪 
itm_british_carbine|骑 兵 卡 宾 枪 
itm_british_carbine_pl|骑 兵 卡 宾 枪 
itm_british_carbine_melee|骑 兵 卡 宾 枪 
itm_british_carbine_melee_pl|骑 兵 卡 宾 枪 
itm_british_carbine_ai|骑 兵 卡 宾 枪 
itm_british_carbine_ai_pl|骑 兵 卡 宾 枪 
itm_russian_rifle_1805|来 复 枪 
itm_russian_rifle_1805_pl|来 复 枪 
itm_russian_rifle_1805_melee|来 复 枪 
itm_russian_rifle_1805_melee_pl|来 复 枪 
itm_british_baker_rifle|来 复 枪 
itm_british_baker_rifle_pl|来 复 枪 
itm_british_baker_rifle_melee|来 复 枪 
itm_british_baker_rifle_melee_pl|来 复 枪 
itm_sniper_rifle|狙 击 步 枪 
itm_sniper_rifle_pl|狙 击 步 枪 
itm_blunderbluss|霰 弹 枪 
itm_blunderbluss_pl|霰 弹 枪 
itm_french_charleville|步 兵 火 枪 
itm_french_charleville_pl|步 兵 火 枪 
itm_french_charleville_melee|步 兵 火 枪 
itm_french_charleville_melee_pl|步 兵 火 枪 
itm_french_versailles|步 兵 火 枪 
itm_french_versailles_pl|步 兵 火 枪 
itm_french_versailles_melee|步 兵 火 枪 
itm_french_versailles_melee_pl|步 兵 火 枪 
itm_british_brown_bess|步 兵 火 枪 
itm_british_brown_bess_pl|步 兵 火 枪 
itm_british_brown_bess_melee|步 兵 火 枪 
itm_british_brown_bess_melee_pl|步 兵 火 枪 
itm_russian_musket_1808|步 兵 火 枪 
itm_russian_musket_1808_pl|步 兵 火 枪 
itm_russian_musket_1808_melee|步 兵 火 枪 
itm_russian_musket_1808_melee_pl|步 兵 火 枪 
itm_austrian_musket|步 兵 火 枪 
itm_austrian_musket_pl|步 兵 火 枪 
itm_austrian_musket_melee|步 兵 火 枪 
itm_austrian_musket_melee_pl|步 兵 火 枪 
itm_prussian_potsdam|步 兵 火 枪 
itm_prussian_potsdam_pl|步 兵 火 枪 
itm_prussian_potsdam_melee|步 兵 火 枪 
itm_prussian_potsdam_melee_pl|步 兵 火 枪 
itm_prussian_musket_1806|步 兵 火 枪 
itm_prussian_musket_1806_pl|步 兵 火 枪 
itm_prussian_musket_1806_melee|步 兵 火 枪 
itm_prussian_musket_1806_melee_pl|步 兵 火 枪 
itm_french_art_off_sword|炮 兵 军 官 剑 
itm_french_art_off_sword_pl|炮 兵 军 官 剑 
itm_french_carabineer_sword|卡 宾 枪 骑 兵 剑 
itm_french_carabineer_sword_pl|卡 宾 枪 骑 兵 剑 
itm_french_briquet_garde|短 军 刀 
itm_french_briquet_garde_pl|短 军 刀 
itm_french_light_cav_sabre_garde|轻 骑 兵 军 刀 
itm_french_light_cav_sabre_garde_pl|轻 骑 兵 军 刀 
itm_french_heavy_cav_sabre_garde|重 骑 兵 军 刀 
itm_french_heavy_cav_sabre_garde_pl|重 骑 兵 军 刀 
itm_french_inf_off_sabre_garde|帝 国 近 卫 军 官 军 刀 
itm_french_inf_off_sabre_garde_pl|帝 国 近 卫 军 官 军 刀 
itm_french_heavy_cav_off_sabre|重 骑 兵 军 刀 
itm_french_heavy_cav_off_sabre_pl|重 骑 兵 军 刀 
itm_french_inf_off_sabre|步 兵 军 刀 
itm_french_inf_off_sabre_pl|步 兵 军 刀 
itm_french_light_cav_off_sabre|轻 骑 兵 军 刀 
itm_french_light_cav_off_sabre_pl|轻 骑 兵 军 刀 
itm_french_light_inf_off_sabre|轻 步 兵 军 刀 
itm_french_light_inf_off_sabre_pl|轻 步 兵 军 刀 
itm_french_line_cav_sabre|骑 兵 队 军 刀 
itm_french_line_cav_sabre_pl|骑 兵 队 军 刀 
itm_french_briquet|短 军 刀 
itm_french_briquet_pl|短 军 刀 
itm_french_light_cav_sabre|轻 骑 兵 军 刀 
itm_french_light_cav_sabre_pl|轻 骑 兵 军 刀 
itm_french_sappeur_sword|工 兵 剑 
itm_french_sappeur_sword_pl|工 兵 剑 
itm_russian_sabre_1798|军 刀 
itm_russian_sabre_1798_pl|军 刀 
itm_russian_sabre_1809|军 刀 
itm_russian_sabre_1809_pl|军 刀 
itm_russian_sword_1810|剑 
itm_russian_sword_1810_pl|剑 
itm_russian_guard_sword_1799|剑 
itm_russian_guard_sword_1799_pl|剑 
itm_russian_briquet_1807|短 军 刀 
itm_russian_briquet_1807_pl|短 军 刀 
itm_russian_jaeger_bayonet|刺 刀 
itm_russian_jaeger_bayonet_pl|刺 刀 
itm_russian_jaeger_bayonet_jaeger|刺 刀 
itm_russian_jaeger_bayonet_jaeger_pl|刺 刀 
itm_russian_officer_sword|军 官 剑 
itm_russian_officer_sword_pl|军 官 剑 
itm_russian_officer_sword_jaeger|军 官 剑 
itm_russian_officer_sword_jaeger_pl|军 官 剑 
itm_russian_peasant_axe|手 斧 
itm_russian_peasant_axe_pl|手 斧 
itm_brokenbottle|打 破 的 伏 特 加 瓶 子 
itm_brokenbottle_pl|打 破 的 伏 特 加 瓶 子 
itm_brokenbottle_melee|打 破 的 伏 特 加 瓶 子 
itm_brokenbottle_melee_pl|打 破 的 伏 特 加 瓶 子 
itm_russian_kindjal|哥 萨 克 刀 
itm_russian_kindjal_pl|哥 萨 克 刀 
itm_russian_guard_off_sword|军 官 剑 
itm_russian_guard_off_sword_pl|军 官 剑 
itm_russian_sappeur_dagger|短 剑 
itm_russian_sappeur_dagger_pl|短 剑 
itm_russian_sappeur_dagger_invis|短 剑 
itm_russian_sappeur_dagger_invis_pl|短 剑 
itm_russian_peasant_knife|刀 
itm_russian_peasant_knife_pl|刀 
itm_russian_peasant_serp|镰 刀 
itm_russian_peasant_serp_pl|镰 刀 
itm_british_highlander_officer_sword|高 地 军 官 剑 
itm_british_highlander_officer_sword_pl|高 地 军 官 剑 
itm_british_heavy_cav_sword|重 骑 兵 剑 
itm_british_heavy_cav_sword_pl|重 骑 兵 剑 
itm_british_light_cav_sabre|轻 骑 兵 军 刀 
itm_british_light_cav_sabre_pl|轻 骑 兵 军 刀 
itm_british_baker_bayonet|刺 刀 
itm_british_baker_bayonet_pl|刺 刀 
itm_british_musician_sword|剑 
itm_british_musician_sword_pl|剑 
itm_british_musician_sword_invis|剑 
itm_british_musician_sword_invis_pl|剑 
itm_british_officer_sword|军 官 剑 
itm_british_officer_sword_pl|军 官 剑 
itm_austrian_infantry_briquet|刺 刀 
itm_austrian_infantry_briquet_pl|刺 刀 
itm_austrian_infantry_briquet_black|刺 刀 
itm_austrian_infantry_briquet_black_pl|刺 刀 
itm_austrian_jaeger_bayonet|刺 刀 
itm_austrian_jaeger_bayonet_pl|刺 刀 
itm_austrian_jaeger_bayonet_invis|刺 刀 
itm_austrian_jaeger_bayonet_invis_pl|刺 刀 
itm_russian_briquet_1807_black|短 军 刀 
itm_russian_briquet_1807_black_pl|短 军 刀 
itm_russian_briquet_1807_black_blackbelt|短 军 刀 
itm_russian_briquet_1807_black_blackbelt_pl|短 军 刀 
itm_russian_briquet_1807_landwehr|短 军 刀 
itm_russian_briquet_1807_landwehr_pl|短 军 刀 
itm_russian_peasant_axe_landwehr|手 斧 
itm_russian_peasant_axe_landwehr_pl|手 斧 
itm_french_briquet_garde_fake|短 军 刀 
itm_french_briquet_garde_fake_pl|短 军 刀 
itm_french_briquet_fake|短 军 刀 
itm_french_briquet_fake_pl|短 军 刀 
itm_russian_briquet_1807_fake|短 军 刀 
itm_russian_briquet_1807_fake_pl|短 军 刀 
itm_russian_briquet_1807_black_fake|短 军 刀 
itm_russian_briquet_1807_black_fake_pl|短 军 刀 
itm_russian_briquet_1807_black_blackbelt_fake|短 军 刀 
itm_russian_briquet_1807_black_blackbelt_fake_pl|短 军 刀 
itm_russian_briquet_1807_landwehr_fake|短 军 刀 
itm_russian_briquet_1807_landwehr_fake_pl|短 军 刀 
itm_russian_peasant_axe_landwehr_fake|手 斧 
itm_russian_peasant_axe_landwehr_fake_pl|手 斧 
itm_austrian_infantry_briquet_fake|刺 刀 
itm_austrian_infantry_briquet_fake_pl|刺 刀 
itm_banhammer|禁 止 王 锤 
itm_banhammer_pl|禁 止 王 锤 
itm_drumstick_right|鼓 
itm_drumstick_right_pl|鼓 
itm_flute|笛 
itm_flute_pl|笛 
itm_horn|圆 号 
itm_horn_pl|圆 号 
itm_trumpet|小 号 
itm_trumpet_pl|小 号 
itm_bugle|圆 号 
itm_bugle_pl|圆 号 
itm_bagpipe|风 笛 
itm_bagpipe_pl|风 笛 
itm_bullets|弹 药 
itm_bullets_pl|弹 药 
itm_pistol_ammo|弹 药 
itm_pistol_ammo_pl|弹 药 
itm_canister_ammo|弹 药 
itm_canister_ammo_pl|弹 药 
itm_shell_fragment|弹 片 
itm_shell_fragment_pl|弹 片 
itm_explosive_bullets|弹 药 
itm_explosive_bullets_pl|弹 药 
itm_cannon_cartridge_round|实 心 弹 
itm_cannon_cartridge_round_pl|实 心 弹 
itm_cannon_cartridge_shell|榴 弹 （ 易 爆 品 ） 
itm_cannon_cartridge_shell_pl|榴 弹 （ 易 爆 品 ） 
itm_cannon_cartridge_canister|霰 弹 
itm_cannon_cartridge_canister_pl|霰 弹 
itm_cannon_cartridge_bomb|臼 炮 炮 弹 
itm_cannon_cartridge_bomb_pl|臼 炮 炮 弹 
itm_rockets|火 箭 弹 
itm_rockets_pl|火 箭 弹 
itm_french_lance|骑 枪 
itm_french_lance_pl|骑 枪 
itm_prussian_lance|骑 枪 
itm_prussian_lance_pl|骑 枪 
itm_austrian_lance|骑 枪 
itm_austrian_lance_pl|骑 枪 
itm_saxon_lance|骑 枪 
itm_saxon_lance_pl|骑 枪 
itm_russian_cossack_pike|骑 枪 
itm_russian_cossack_pike_pl|骑 枪 
itm_russian_lancer_pike|骑 枪 
itm_russian_lancer_pike_pl|骑 枪 
itm_russian_opolcheniye_pike|长 枪 
itm_russian_opolcheniye_pike_pl|长 枪 
itm_russian_peasant_kosa|大 镰 刀 
itm_russian_peasant_kosa_pl|大 镰 刀 
itm_russian_peasant_fork|杈 
itm_russian_peasant_fork_pl|杈 
itm_russian_peasant_pitchfork|草 叉 
itm_russian_peasant_pitchfork_pl|草 叉 
itm_russian_peasant_sap|耙 
itm_russian_peasant_sap_pl|耙 
itm_birch_trunk|桦 木 杆 
itm_birch_trunk_pl|桦 木 杆 
itm_russian_peasant_kosa2|大 镰 刀 
itm_russian_peasant_kosa2_pl|大 镰 刀 
itm_russian_peasant_club|木 棍 
itm_russian_peasant_club_pl|木 棍 
itm_russian_peasant_birch_club|桦 木 棍 
itm_russian_peasant_birch_club_pl|桦 木 棍 
itm_russian_peasant_pike|长 枪 
itm_russian_peasant_pike_pl|长 枪 
itm_russian_peasant_kuvalda|大 锤 
itm_russian_peasant_kuvalda_pl|大 锤 
itm_russian_peasant_2handed_axe|伐 木 斧 
itm_russian_peasant_2handed_axe_pl|伐 木 斧 
itm_russian_peasant_rogatina|猎 矛 
itm_russian_peasant_rogatina_pl|猎 矛 
itm_sapper_axe_ship|工 兵 斧 
itm_sapper_axe_ship_pl|工 兵 斧 
itm_sapper_axe_rus_ship|工 兵 斧 
itm_sapper_axe_rus_ship_pl|工 兵 斧 
itm_french_mousquiton_melee_gf|骑 兵 卡 宾 枪 
itm_french_mousquiton_melee_gf_pl|骑 兵 卡 宾 枪 
itm_french_mousquiton_light_melee_gf|轻 骑 兵 卡 宾 枪 
itm_french_mousquiton_light_melee_gf_pl|轻 骑 兵 卡 宾 枪 
itm_french_dragoon_musket_melee_gf|骑 兵 火 枪 
itm_french_dragoon_musket_melee_gf_pl|骑 兵 火 枪 
itm_russian_dragoon_musket_melee_gf|骑 兵 火 枪 
itm_russian_dragoon_musket_melee_gf_pl|骑 兵 火 枪 
itm_russian_gusarskiy_karabin_melee_gf|短 火 枪 
itm_russian_gusarskiy_karabin_melee_gf_pl|短 火 枪 
itm_british_carbine_melee_gf|骑 兵 卡 宾 枪 
itm_british_carbine_melee_gf_pl|骑 兵 卡 宾 枪 
itm_russian_rifle_1805_melee_gf|来 复 枪 
itm_russian_rifle_1805_melee_gf_pl|来 复 枪 
itm_british_baker_rifle_melee_gf|来 复 枪 
itm_british_baker_rifle_melee_gf_pl|来 复 枪 
itm_french_charleville_melee_gf|步 兵 火 枪 
itm_french_charleville_melee_gf_pl|步 兵 火 枪 
itm_french_versailles_melee_gf|步 兵 火 枪 
itm_french_versailles_melee_gf_pl|步 兵 火 枪 
itm_british_brown_bess_melee_gf|步 兵 火 枪 
itm_british_brown_bess_melee_gf_pl|步 兵 火 枪 
itm_russian_musket_1808_melee_gf|步 兵 火 枪 
itm_russian_musket_1808_melee_gf_pl|步 兵 火 枪 
itm_austrian_musket_melee_gf|步 兵 火 枪 
itm_austrian_musket_melee_gf_pl|步 兵 火 枪 
itm_prussian_potsdam_melee_gf|步 兵 火 枪 
itm_prussian_potsdam_melee_gf_pl|步 兵 火 枪 
itm_prussian_musket_1806_melee_gf|步 兵 火 枪 
itm_prussian_musket_1806_melee_gf_pl|步 兵 火 枪 
itm_flag_france_45e|法 兰 西 第 45线 列 步 兵 团 旗 
itm_flag_france_45e_pl|法 兰 西 线 列 步 兵 团 旗 
itm_flag_france_84e|法 兰 西 第 84线 列 步 兵 团 旗 
itm_flag_france_84e_pl|法 兰 西 线 列 步 兵 团 旗 
itm_flag_france_vistula|维 斯 杜 拉 军 团 旗 
itm_flag_france_vistula_pl|维 斯 杜 拉 军 团 旗 
itm_flag_france_grenadiers|法 兰 西 近 卫 步 兵 团 旗 
itm_flag_france_grenadiers_pl|法 兰 西 近 卫 步 兵 团 旗 
itm_flag_france_15|法 兰 西 轻 步 兵 团 旗 
itm_flag_france_15_pl|法 兰 西 轻 步 兵 团 旗 
itm_flag_france_hussard|法 兰 西 骠 骑 兵 团 旗 
itm_flag_france_hussard_pl|法 兰 西 骠 骑 兵 团 旗 
itm_flag_france_carab|法 兰 西 卡 宾 枪 骑 兵 团 旗 
itm_flag_france_carab_pl|法 兰 西 卡 宾 枪 骑 兵 团 旗 
itm_flag_france_cuirassier|法 兰 西 胸 甲 骑 兵 团 旗 
itm_flag_france_cuirassier_pl|法 兰 西 胸 甲 骑 兵 团 旗 
itm_flag_france_cheval|法 兰 西 掷 弹 骑 兵 团 旗 
itm_flag_france_cheval_pl|法 兰 西 掷 弹 骑 兵 团 旗 
itm_flag_france_dragon|法 兰 西 龙 骑 兵 团 旗 
itm_flag_france_dragon_pl|法 兰 西 龙 骑 兵 团 旗 
itm_flag_france_lancier|法 兰 西 枪 骑 兵 团 旗 
itm_flag_france_lancier_pl|法 兰 西 枪 骑 兵 团 旗 
itm_flag_russia_opolcheniye|俄 罗 斯 圣 彼 德 堡 民 兵 团 旗 
itm_flag_russia_opolcheniye_pl|俄 罗 斯 圣 彼 德 堡 民 兵 团 旗 
itm_flag_russia_pavlovsk_color|俄 罗 斯 巴 甫 洛 夫 斯 克 掷 弹 兵 团 旗 
itm_flag_russia_pavlovsk_color_pl|俄 罗 斯 巴 甫 洛 夫 斯 克 掷 弹 兵 团 旗 
itm_flag_russia_pavlovsk_white|俄 罗 斯 巴 甫 洛 夫 斯 克 掷 弹 兵 团 白 旗 
itm_flag_russia_pavlovsk_white_pl|俄 罗 斯 巴 甫 洛 夫 斯 克 掷 弹 兵 团 白 旗 
itm_flag_russia_preobragenskiy_color|俄 罗 斯 普 列 奥 布 拉 仁 斯 基 近 卫 团 旗 
itm_flag_russia_preobragenskiy_color_pl|俄 罗 斯 普 列 奥 布 拉 仁 斯 基 近 卫 团 旗 
itm_flag_russia_preobragenskiy_white|俄 罗 斯 普 列 奥 布 拉 仁 斯 基 近 卫 团 白 旗 
itm_flag_russia_preobragenskiy_white_pl|俄 罗 斯 普 列 奥 布 拉 仁 斯 基 近 卫 团 白 旗 
itm_flag_russia_simbirsk_color|俄 罗 斯 辛 比 尔 斯 克 步 兵 团 旗 
itm_flag_russia_simbirsk_color_pl|俄 罗 斯 辛 比 尔 斯 克 步 兵 团 旗 
itm_flag_russia_simbirsk_white|俄 罗 斯 辛 比 尔 斯 克 步 兵 团 白 旗 
itm_flag_russia_simbirsk_white_pl|俄 罗 斯 辛 比 尔 斯 克 步 兵 团 白 旗 
itm_flag_russia_kyiv_dragoon|俄 罗 斯 基 辅 龙 骑 兵 团 旗 
itm_flag_russia_kyiv_dragoon_pl|俄 罗 斯 基 辅 龙 骑 兵 团 旗 
itm_britain_colour_33rd_regt|英 国 第 33步 兵 团 旗 
itm_britain_colour_33rd_regt_pl|英 国 第 33步 兵 团 旗 
itm_britain_colour_33rd_king|英 国 第 33步 兵 团 王 旗 
itm_britain_colour_33rd_king_pl|英 国 第 33步 兵 团 王 旗 
itm_britain_colour_42nd_regt|英 国 第 42步 兵 团 旗 
itm_britain_colour_42nd_regt_pl|英 国 第 42步 兵 团 旗 
itm_britain_colour_42nd_king|英 国 第 42步 兵 团 王 旗 
itm_britain_colour_42nd_king_pl|英 国 第 42步 兵 团 王 旗 
itm_britain_colour_2nd_regt|英 国 第 2近 卫 步 兵 团 旗 
itm_britain_colour_2nd_regt_pl|英 国 第 2近 卫 步 兵 团 旗 
itm_britain_colour_2nd_king|英 国 第 2近 卫 步 兵 团 王 旗 
itm_britain_colour_2nd_king_pl|英 国 第 2近 卫 步 兵 团 王 旗 
itm_britain_colour_51st_regt|英 国 第 51步 兵 团 旗 
itm_britain_colour_51st_regt_pl|英 国 第 51步 兵 团 旗 
itm_britain_colour_51st_king|英 国 第 51步 兵 团 王 旗 
itm_britain_colour_51st_king_pl|英 国 第 51步 兵 团 王 旗 
itm_britain_colour_kgl_regt|英 王 德 意 志 军 团 旗 
itm_britain_colour_kgl_regt_pl|英 王 德 意 志 军 团 旗 
itm_britain_colour_kgl_king|英 王 德 意 志 军 团 王 旗 
itm_britain_colour_kgl_king_pl|英 王 德 意 志 军 团 王 旗 
itm_britain_colour_blues|英 国 近 卫 骑 兵 团 旗 
itm_britain_colour_blues_pl|英 国 近 卫 骑 兵 团 旗 
itm_prussia_colour_infantry|普 鲁 士 第 8步 兵 团 旗 
itm_prussia_colour_infantry_pl|普 鲁 士 第 8步 兵 团 旗 
itm_prussia_colour_infantry2|普 鲁 士 第 23步 兵 团 旗 
itm_prussia_colour_infantry2_pl|普 鲁 士 第 23步 兵 团 旗 
itm_prussia_colour_guard|普 鲁 士 近 卫 步 兵 团 旗 
itm_prussia_colour_guard_pl|普 鲁 士 近 卫 步 兵 团 旗 
itm_prussia_colour_landwehr|普 鲁 士 后 备 兵 团 旗 
itm_prussia_colour_landwehr_pl|普 鲁 士 后 备 兵 团 旗 
itm_prussia_colour_hussard|普 鲁 士 骠 骑 兵 团 旗 
itm_prussia_colour_hussard_pl|普 鲁 士 骠 骑 兵 团 旗 
itm_austria_colour_leibfahne|奥 地 利 步 兵 团 旗 
itm_austria_colour_leibfahne_pl|奥 地 利 步 兵 团 旗 
itm_austria_colour_ordinarfahne|奥 地 利 步 兵 团 旗 
itm_austria_colour_ordinarfahne_pl|奥 地 利 步 兵 团 旗 
itm_austria_colour_ordinarfahne_cav|奥 地 利 骑 兵 团 旗 
itm_austria_colour_ordinarfahne_cav_pl|奥 地 利 骑 兵 团 旗 
itm_bavarian_flag_national|巴 伐 利 亚 王 国 旗 
itm_bavarian_flag_national_pl|巴 伐 利 亚 王 国 旗 
itm_bavarian_flag_regimental|巴 伐 利 亚 步 兵 团 旗 
itm_bavarian_flag_regimental_pl|巴 伐 利 亚 步 兵 团 旗 
itm_saxon_flag_infantry|萨 克 森 步 兵 团 旗 
itm_saxon_flag_infantry_pl|萨 克 森 步 兵 团 旗 
itm_saxon_flag_uhlan|萨 克 森 枪 骑 兵 团 旗 
itm_saxon_flag_uhlan_pl|萨 克 森 枪 骑 兵 团 旗 
itm_hessian_flag_infantry|黑 森 步 兵 团 旗 
itm_hessian_flag_infantry_pl|黑 森 步 兵 团 旗 
itm_westphalian_flag_infantry|威 斯 特 法 伦 步 兵 团 旗  
itm_westphalian_flag_infantry_pl|威 斯 特 法 伦 步 兵 团 旗  
itm_baden_flag_dragoon|巴 登 龙 骑 兵 团 旗 
itm_baden_flag_dragoon_pl|巴 登 龙 骑 兵 团 旗 
itm_westphalian_flag_cuirassier|威 斯 特 法 伦 胸 甲 骑 兵 团 旗 
itm_westphalian_flag_cuirassier_pl|威 斯 特 法 伦 胸 甲 骑 兵 团 旗 
itm_saxon_flag_garde|萨 克 森 近 卫 骑 兵 团 旗 
itm_saxon_flag_garde_pl|萨 克 森 近 卫 骑 兵 团 旗 
itm_wurttemberg_flag_infantry|符 腾 堡 步 兵 团 旗 
itm_wurttemberg_flag_infantry_pl|符 腾 堡 步 兵 团 旗 
itm_wurttemberg_flag_infantry2|符 腾 堡 步 兵 团 旗 
itm_wurttemberg_flag_infantry2_pl|符 腾 堡 步 兵 团 旗 
itm_cannon_lighter|大 炮 点 火 器 
itm_cannon_lighter_pl|大 炮 点 火 器 
itm_ramrod|推 弹 杆 
itm_ramrod_pl|推 弹 杆 
itm_rocket_placement|火 箭 发 射 器 
itm_rocket_placement_pl|火 箭 发 射 器 
itm_spyglass|望 远 镜 
itm_spyglass_pl|望 远 镜 
itm_bandages|绷 带 
itm_bandages_pl|绷 带 
itm_grenade|圣 手 榴 弹 
itm_grenade_pl|圣 手 榴 弹 
itm_sapper_axe|工 兵 斧 
itm_sapper_axe_pl|工 兵 斧 
itm_sapper_axe_rus|工 兵 斧 
itm_sapper_axe_rus_pl|工 兵 斧 
itm_construction_hammer|建 造 锤 
itm_construction_hammer_pl|建 造 锤 
itm_shovel|铁 锹 
itm_shovel_pl|铁 锹 
itm_shovel_undig|铁 锹 
itm_shovel_undig_pl|铁 锹 
itm_french_bomb|炸 药 
itm_french_bomb_pl|炸 药 
itm_french_voltigeur_body_officer|法 兰 西 尖 兵 军 服 
itm_french_voltigeur_body_officer_pl|法 兰 西 尖 兵 军 服 
itm_french_voltigeur_body_ranker|法 兰 西 尖 兵 军 服 
itm_french_voltigeur_body_ranker_pl|法 兰 西 尖 兵 军 服 
itm_french_voltigeur_body_sarge|法 兰 西 尖 兵 军 服 
itm_french_voltigeur_body_sarge_pl|法 兰 西 尖 兵 军 服 
itm_french_45e_body_officer|法 兰 西 步 兵 军 服 
itm_french_45e_body_officer_pl|法 兰 西 步 兵 军 服 
itm_french_45e_body_colours|法 兰 西 步 兵 军 服 
itm_french_45e_body_colours_pl|法 兰 西 步 兵 军 服 
itm_french_45e_body_ranker|法 兰 西 步 兵 军 服 
itm_french_45e_body_ranker_pl|法 兰 西 步 兵 军 服 
itm_french_84e_body_officer|法 兰 西 步 兵 军 服 
itm_french_84e_body_officer_pl|法 兰 西 步 兵 军 服 
itm_french_84e_body_ranker|法 兰 西 步 兵 军 服 
itm_french_84e_body_ranker_pl|法 兰 西 步 兵 军 服 
itm_french_84e_body_sarge|法 兰 西 步 兵 军 服 
itm_french_84e_body_sarge_pl|法 兰 西 步 兵 军 服 
itm_french_dragoon_body_ranker|法 兰 西 龙 骑 兵 军 服 
itm_french_dragoon_body_ranker_pl|法 兰 西 龙 骑 兵 军 服 
itm_french_dragoon_body_officer|法 兰 西 龙 骑 兵 军 服 
itm_french_dragoon_body_officer_pl|法 兰 西 龙 骑 兵 军 服 
itm_french_general_body_boney|拿 破 仑 军 服 
itm_french_general_body_boney_pl|拿 破 仑 军 服 
itm_french_grenadiers_a_cheval_body_colours|法 兰 西 掷 弹 骑 兵 军 服 
itm_french_grenadiers_a_cheval_body_colours_pl|法 兰 西 掷 弹 骑 兵 军 服 
itm_french_grenadiers_a_cheval_body_ranker|法 兰 西 掷 弹 骑 兵 军 服 
itm_french_grenadiers_a_cheval_body_ranker_pl|法 兰 西 掷 弹 骑 兵 军 服 
itm_french_grenadiers_a_cheval_body_officer|法 兰 西 掷 弹 骑 兵 军 服 
itm_french_grenadiers_a_cheval_body_officer_pl|法 兰 西 掷 弹 骑 兵 军 服 
itm_french_gap_body_colours|法 兰 西 掷 弹 兵 军 服 
itm_french_gap_body_colours_pl|法 兰 西 掷 弹 兵 军 服 
itm_french_gap_body_ranker|法 兰 西 掷 弹 兵 军 服 
itm_french_gap_body_ranker_pl|法 兰 西 掷 弹 兵 军 服 
itm_french_gap_body_officer|法 兰 西 掷 弹 兵 军 服 
itm_french_gap_body_officer_pl|法 兰 西 掷 弹 兵 军 服 
itm_french_art_ranker_body|法 兰 西 炮 兵 军 服 
itm_french_art_ranker_body_pl|法 兰 西 炮 兵 军 服 
itm_french_art_ranker_body_alt|法 兰 西 炮 兵 军 服 
itm_french_art_ranker_body_alt_pl|法 兰 西 炮 兵 军 服 
itm_french_art_officer_body|法 兰 西 炮 兵 军 服 
itm_french_art_officer_body_pl|法 兰 西 炮 兵 军 服 
itm_french_vistula_body_ranker|维 斯 特 拉 军 团 服 
itm_french_vistula_body_ranker_pl|维 斯 特 拉 军 团 服 
itm_french_vistula_body_colours|维 斯 特 拉 军 团 服 
itm_french_vistula_body_colours_pl|维 斯 特 拉 军 团 服 
itm_french_vistula_body_officer|维 斯 特 拉 军 团 服 
itm_french_vistula_body_officer_pl|维 斯 特 拉 军 团 服 
itm_french_lancer_body_ranker|法 兰 西 近 卫 枪 骑 兵 军 服 
itm_french_lancer_body_ranker_pl|法 兰 西 近 卫 枪 骑 兵 军 服 
itm_french_lancer_body_colours|法 兰 西 近 卫 枪 骑 兵 军 服 
itm_french_lancer_body_colours_pl|法 兰 西 近 卫 枪 骑 兵 军 服 
itm_french_lancer_body_officer|法 兰 西 近 卫 枪 骑 兵 军 服 
itm_french_lancer_body_officer_pl|法 兰 西 近 卫 枪 骑 兵 军 服 
itm_french_cuirassier_ranker|法 兰 西 胸 甲 骑 兵 军 服 
itm_french_cuirassier_ranker_pl|法 兰 西 胸 甲 骑 兵 军 服 
itm_french_cuirassier_colours|法 兰 西 胸 甲 骑 兵 军 服 
itm_french_cuirassier_colours_pl|法 兰 西 胸 甲 骑 兵 军 服 
itm_french_cuirassier_officer|法 兰 西 胸 甲 骑 兵 军 服 
itm_french_cuirassier_officer_pl|法 兰 西 胸 甲 骑 兵 军 服 
itm_french_carabineer_ranker|法 兰 西 火 枪 骑 兵 军 服 
itm_french_carabineer_ranker_pl|法 兰 西 火 枪 骑 兵 军 服 
itm_french_carabineer_colours|法 兰 西 火 枪 骑 兵 军 服 
itm_french_carabineer_colours_pl|法 兰 西 火 枪 骑 兵 军 服 
itm_french_carabineer_officer|法 兰 西 火 枪 骑 兵 军 服 
itm_french_carabineer_officer_pl|法 兰 西 火 枪 骑 兵 军 服 
itm_french_hussards_ranker|法 兰 西 轻 骑 兵 军 服 
itm_french_hussards_ranker_pl|法 兰 西 轻 骑 兵 军 服 
itm_french_hussards_nco|法 兰 西 轻 骑 兵 军 服 
itm_french_hussards_nco_pl|法 兰 西 轻 骑 兵 军 服 
itm_french_hussards_officer|法 兰 西 轻 骑 兵 军 服 
itm_french_hussards_officer_pl|法 兰 西 轻 骑 兵 军 服 
itm_french_hussards_trumpeter|法 兰 西 轻 骑 兵 军 服 
itm_french_hussards_trumpeter_pl|法 兰 西 轻 骑 兵 军 服 
itm_french_sapper|法 兰 西 工 兵 军 服 
itm_french_sapper_pl|法 兰 西 工 兵 军 服 
itm_french_grap_body_drummer|法 兰 西 鼓 手 军 服 
itm_french_grap_body_drummer_pl|法 兰 西 鼓 手 军 服 
itm_french_grap_body_flautist|法 兰 西 笛 手 军 服 
itm_french_grap_body_flautist_pl|法 兰 西 笛 手 军 服 
itm_french_voltigeur_body_hornist|法 兰 西 尖 兵 军 服 
itm_french_voltigeur_body_hornist_pl|法 兰 西 尖 兵 军 服 
itm_french_45e_body_drummer|法 兰 西 鼓 手 军 服 
itm_french_45e_body_drummer_pl|法 兰 西 鼓 手 军 服 
itm_french_45e_body_flautist|法 兰 西 笛 手 军 服 
itm_french_45e_body_flautist_pl|法 兰 西 笛 手 军 服 
itm_french_84e_body_drummer|法 兰 西 鼓 手 军 服 
itm_french_84e_body_drummer_pl|法 兰 西 鼓 手 军 服 
itm_french_84e_body_flautist|法 兰 西 笛 手 军 服 
itm_french_84e_body_flautist_pl|法 兰 西 笛 手 军 服 
itm_fr_carabineer_trumpeter|法 兰 西 号 手 军 服 
itm_fr_carabineer_trumpeter_pl|法 兰 西 号 手 军 服 
itm_fr_cuirassier_body_trumpeter|法 兰 西 号 手 军 服 
itm_fr_cuirassier_body_trumpeter_pl|法 兰 西 号 手 军 服 
itm_french_dragoon_body_trumpeter|法 兰 西 号 手 军 服 
itm_french_dragoon_body_trumpeter_pl|法 兰 西 号 手 军 服 
itm_french_lancer_trumpeter_body|法 兰 西 号 手 军 服 
itm_french_lancer_trumpeter_body_pl|法 兰 西 号 手 军 服 
itm_french_vistula_body_drummer|维 斯 特 拉 军 团 服 
itm_french_vistula_body_drummer_pl|维 斯 特 拉 军 团 服 
itm_french_vistula_body_flautist|维 斯 特 拉 军 团 服 
itm_french_vistula_body_flautist_pl|维 斯 特 拉 军 团 服 
itm_french_dragoon_body_sargent|法 兰 西 龙 骑 兵 军 服 
itm_french_dragoon_body_sargent_pl|法 兰 西 龙 骑 兵 军 服 
itm_french_arty_train|法 兰 西 辎 重 炮 兵 军 服 
itm_french_arty_train_pl|法 兰 西 辎 重 炮 兵 军 服 
itm_french_grenadier_a_cheval_body_trumpeter|法 兰 西 号 手 军 服 
itm_french_grenadier_a_cheval_body_trumpeter_pl|法 兰 西 号 手 军 服 
itm_french_captain|法 国 队 长 
itm_french_captain_pl|法 国 队 长 
itm_french_equipage_batallion|法 国 装 备 营 
itm_french_equipage_batallion_pl|法 国 装 备 营 
itm_french_surgeon|军 医 服 装 
itm_french_surgeon_pl|军 医 服 装 
itm_british_infantry_ranker|英 国 步 兵 军 服 
itm_british_infantry_ranker_pl|英 国 步 兵 军 服 
itm_british_infantry_sarge|英 国 步 兵 军 服 
itm_british_infantry_sarge_pl|英 国 步 兵 军 服 
itm_british_infantry_officer|英 国 步 兵 军 服 
itm_british_infantry_officer_pl|英 国 步 兵 军 服 
itm_british_infantry_drum|英 国 步 兵 军 服 
itm_british_infantry_drum_pl|英 国 步 兵 军 服 
itm_british_infantry_flute|英 国 步 兵 军 服 
itm_british_infantry_flute_pl|英 国 步 兵 军 服 
itm_british_kgl_ranker|基 加 利 步 兵 军 服 
itm_british_kgl_ranker_pl|基 加 利 步 兵 军 服 
itm_british_kgl_sarge|基 加 利 步 兵 军 服 
itm_british_kgl_sarge_pl|基 加 利 步 兵 军 服 
itm_british_kgl_officer|基 加 利 步 兵 军 服 
itm_british_kgl_officer_pl|基 加 利 步 兵 军 服 
itm_british_kgl_drum|基 加 利 步 兵 军 服 
itm_british_kgl_drum_pl|基 加 利 步 兵 军 服 
itm_british_kgl_flute|基 加 利 步 兵 军 服 
itm_british_kgl_flute_pl|基 加 利 步 兵 军 服 
itm_british_highland_ranker|英 国 高 地 步 兵 军 服 
itm_british_highland_ranker_pl|英 国 高 地 步 兵 军 服 
itm_british_highland_sarge|英 国 高 地 步 兵 军 服 
itm_british_highland_sarge_pl|英 国 高 地 步 兵 军 服 
itm_british_highland_officer|英 国 高 地 步 兵 军 服 
itm_british_highland_officer_pl|英 国 高 地 步 兵 军 服 
itm_british_highland_drummer|英 国 高 地 步 兵 军 服 
itm_british_highland_drummer_pl|英 国 高 地 步 兵 军 服 
itm_british_highland_piper|英 国 高 地 步 兵 军 服 
itm_british_highland_piper_pl|英 国 高 地 步 兵 军 服 
itm_british_highland_piper_2|英 国 高 地 步 兵 军 服 
itm_british_highland_piper_2_pl|英 国 高 地 步 兵 军 服 
itm_british_guard_ranker|英 国 近 卫 步 兵 军 服 
itm_british_guard_ranker_pl|英 国 近 卫 步 兵 军 服 
itm_british_guard_sarge|英 国 近 卫 步 兵 军 服 
itm_british_guard_sarge_pl|英 国 近 卫 步 兵 军 服 
itm_british_guard_officer|英 国 近 卫 步 兵 军 服 
itm_british_guard_officer_pl|英 国 近 卫 步 兵 军 服 
itm_british_guard_drum|英 国 近 卫 步 兵 军 服 
itm_british_guard_drum_pl|英 国 近 卫 步 兵 军 服 
itm_british_guard_flute|英 国 近 卫 步 兵 军 服 
itm_british_guard_flute_pl|英 国 近 卫 步 兵 军 服 
itm_british_light_ranker|英 国 轻 步 兵 军 服 
itm_british_light_ranker_pl|英 国 轻 步 兵 军 服 
itm_british_light_sarge|英 国 轻 步 兵 军 服 
itm_british_light_sarge_pl|英 国 轻 步 兵 军 服 
itm_british_light_officer|英 国 轻 步 兵 军 服 
itm_british_light_officer_pl|英 国 轻 步 兵 军 服 
itm_british_light_bugler|英 国 轻 步 兵 军 服 
itm_british_light_bugler_pl|英 国 轻 步 兵 军 服 
itm_british_rifle_ranker|英 国 步 枪 兵 军 服 
itm_british_rifle_ranker_pl|英 国 步 枪 兵 军 服 
itm_british_rifle_sarge|英 国 步 枪 兵 军 服 
itm_british_rifle_sarge_pl|英 国 步 枪 兵 军 服 
itm_british_rifle_captain|英 国 步 枪 兵 军 服 
itm_british_rifle_captain_pl|英 国 步 枪 兵 军 服 
itm_british_rifle_bugler|英 国 步 枪 兵 军 服 
itm_british_rifle_bugler_pl|英 国 步 枪 兵 军 服 
itm_british_artillery_ranker|英 国 炮 兵 军 服 
itm_british_artillery_ranker_pl|英 国 炮 兵 军 服 
itm_british_artillery_officer|英 国 炮 兵 军 服 
itm_british_artillery_officer_pl|英 国 炮 兵 军 服 
itm_british_artillery_train|英 国 炮 兵 军 服 
itm_british_artillery_train_pl|英 国 炮 兵 军 服 
itm_british_light_dragoon|英 国 轻 骑 兵 军 服 
itm_british_light_dragoon_pl|英 国 轻 骑 兵 军 服 
itm_british_light_dragoon_officer|英 国 轻 骑 兵 军 服 
itm_british_light_dragoon_officer_pl|英 国 轻 骑 兵 军 服 
itm_british_inniskilling_ranker|英 国 龙 骑 兵 军 服 
itm_british_inniskilling_ranker_pl|英 国 龙 骑 兵 军 服 
itm_british_inniskilling_officer|英 国 龙 骑 兵 军 服 
itm_british_inniskilling_officer_pl|英 国 龙 骑 兵 军 服 
itm_british_blue_ranker|英 国 骑 马 卫 队 军 服 
itm_british_blue_ranker_pl|英 国 骑 马 卫 队 军 服 
itm_british_blue_officer|英 国 骑 马 卫 队 军 服 
itm_british_blue_officer_pl|英 国 骑 马 卫 队 军 服 
itm_british_kgl_hussar_ranker|英 国 骑 马 卫 队 军 服 
itm_british_kgl_hussar_ranker_pl|英 国 骑 马 卫 队 军 服 
itm_british_kgl_hussar_officer|英 国 骑 马 卫 队 军 服 
itm_british_kgl_hussar_officer_pl|英 国 骑 马 卫 队 军 服 
itm_british_kgl_hussar_trumpeter|英 国 骑 马 卫 队 军 服 
itm_british_kgl_hussar_trumpeter_pl|英 国 骑 马 卫 队 军 服 
itm_british_wellington|英 国 威 灵 顿 军 服 
itm_british_wellington_pl|英 国 威 灵 顿 军 服 
itm_british_rocketeer|英 国 火 箭 炮 兵 军 服 
itm_british_rocketeer_pl|英 国 火 箭 炮 兵 军 服 
itm_british_sapper|英 国 工 兵 军 服 
itm_british_sapper_pl|英 国 工 兵 军 服 
itm_british_captain|英 国 队 长 军 服 
itm_british_captain_pl|英 国 队 长 军 服 
itm_british_royal_marine|英 国 皇 家 海 军 军 服 
itm_british_royal_marine_pl|英 国 皇 家 海 军 军 服 
itm_naked_female_body|裸 女 
itm_naked_female_body_pl|裸 女 
itm_naked_male_body|裸 男 
itm_naked_male_body_pl|裸 男 
itm_british_surgeon|军 医 服 装 
itm_british_surgeon_pl|军 医 服 装 
itm_prussian_infantry_ranker|普 鲁 士 步 兵 军 服 
itm_prussian_infantry_ranker_pl|普 鲁 士 步 兵 军 服 
itm_prussian_infantry_nco|普 鲁 士 步 兵 军 服 
itm_prussian_infantry_nco_pl|普 鲁 士 步 兵 军 服 
itm_prussian_infantry_officer|普 鲁 士 步 兵 军 服 
itm_prussian_infantry_officer_pl|普 鲁 士 步 兵 军 服 
itm_prussian_infantry_drum|普 鲁 士 步 兵 军 服 
itm_prussian_infantry_drum_pl|普 鲁 士 步 兵 军 服 
itm_prussian_infantry_flute|普 鲁 士 步 兵 军 服 
itm_prussian_infantry_flute_pl|普 鲁 士 步 兵 军 服 
itm_prussian_dragoon_ranker|普 鲁 士 龙 骑 兵 军 服 
itm_prussian_dragoon_ranker_pl|普 鲁 士 龙 骑 兵 军 服 
itm_prussian_dragoon_nco|普 鲁 士 龙 骑 兵 军 服 
itm_prussian_dragoon_nco_pl|普 鲁 士 龙 骑 兵 军 服 
itm_prussian_dragoon_officer|普 鲁 士 龙 骑 兵 军 服 
itm_prussian_dragoon_officer_pl|普 鲁 士 龙 骑 兵 军 服 
itm_prussian_dragoon_trumpet|普 鲁 士 龙 骑 兵 军 服 
itm_prussian_dragoon_trumpet_pl|普 鲁 士 龙 骑 兵 军 服 
itm_prussian_jaeger_ranker|普 鲁 士 纯 毛 军 服 
itm_prussian_jaeger_ranker_pl|普 鲁 士 纯 毛 军 服 
itm_prussian_jaeger_ranker_alt|普 鲁 士 纯 毛 军 服 
itm_prussian_jaeger_ranker_alt_pl|普 鲁 士 纯 毛 军 服 
itm_prussian_jaeger_nco|普 鲁 士 纯 毛 军 服 
itm_prussian_jaeger_nco_pl|普 鲁 士 纯 毛 军 服 
itm_prussian_jaeger_officer|普 鲁 士 纯 毛 军 服 
itm_prussian_jaeger_officer_pl|普 鲁 士 纯 毛 军 服 
itm_prussian_jaeger_hornist|普 鲁 士 纯 毛 军 服 
itm_prussian_jaeger_hornist_pl|普 鲁 士 纯 毛 军 服 
itm_prussian_guard_ranker|普 鲁 士 近 卫 军 服 
itm_prussian_guard_ranker_pl|普 鲁 士 近 卫 军 服 
itm_prussian_guard_nco|普 鲁 士 近 卫 军 服 
itm_prussian_guard_nco_pl|普 鲁 士 近 卫 军 服 
itm_prussian_guard_officer|普 鲁 士 近 卫 军 服 
itm_prussian_guard_officer_pl|普 鲁 士 近 卫 军 服 
itm_prussian_guard_drummer|普 鲁 士 近 卫 军 服 
itm_prussian_guard_drummer_pl|普 鲁 士 近 卫 军 服 
itm_prussian_guard_flute|普 鲁 士 近 卫 军 服 
itm_prussian_guard_flute_pl|普 鲁 士 近 卫 军 服 
itm_prussian_arty_ranker|普 鲁 士 炮 兵 军 服 
itm_prussian_arty_ranker_pl|普 鲁 士 炮 兵 军 服 
itm_prussian_arty_train|普 鲁 士 炮 兵 军 服 
itm_prussian_arty_train_pl|普 鲁 士 炮 兵 军 服 
itm_prussian_arty_officer|普 鲁 士 炮 兵 军 服 
itm_prussian_arty_officer_pl|普 鲁 士 炮 兵 军 服 
itm_prussian_hussar_ranker|普 鲁 士 轻 骑 兵 军 服 
itm_prussian_hussar_ranker_pl|普 鲁 士 轻 骑 兵 军 服 
itm_prussian_hussar_nco|普 鲁 士 轻 骑 兵 军 服 
itm_prussian_hussar_nco_pl|普 鲁 士 轻 骑 兵 军 服 
itm_prussian_hussar_officer|普 鲁 士 轻 骑 兵 军 服 
itm_prussian_hussar_officer_pl|普 鲁 士 轻 骑 兵 军 服 
itm_prussian_hussar_officer_variant|普 鲁 士 轻 骑 兵 军 服 
itm_prussian_hussar_officer_variant_pl|普 鲁 士 轻 骑 兵 军 服 
itm_prussian_hussar_trumpet|普 鲁 士 轻 骑 兵 军 服 
itm_prussian_hussar_trumpet_pl|普 鲁 士 轻 骑 兵 军 服 
itm_prussian_infantry2_ranker|普 鲁 士 步 兵 军 服 
itm_prussian_infantry2_ranker_pl|普 鲁 士 步 兵 军 服 
itm_prussian_infantry2_nco|普 鲁 士 步 兵 军 服 
itm_prussian_infantry2_nco_pl|普 鲁 士 步 兵 军 服 
itm_prussian_infantry2_officer|普 鲁 士 步 兵 军 服 
itm_prussian_infantry2_officer_pl|普 鲁 士 步 兵 军 服 
itm_prussian_infantry2_drum|普 鲁 士 步 兵 军 服 
itm_prussian_infantry2_drum_pl|普 鲁 士 步 兵 军 服 
itm_prussian_infantry2_flute|普 鲁 士 步 兵 军 服 
itm_prussian_infantry2_flute_pl|普 鲁 士 步 兵 军 服 
itm_prussian_landwehr_ranker|普 鲁 士 后 备 兵 军 服 
itm_prussian_landwehr_ranker_pl|普 鲁 士 后 备 兵 军 服 
itm_prussian_landwehr_ranker_alt|普 鲁 士 后 备 兵 军 服 
itm_prussian_landwehr_ranker_alt_pl|普 鲁 士 后 备 兵 军 服 
itm_prussian_landwehr_nco|普 鲁 士 后 备 兵 军 服 
itm_prussian_landwehr_nco_pl|普 鲁 士 后 备 兵 军 服 
itm_prussian_landwehr_officer|普 鲁 士 后 备 兵 军 服 
itm_prussian_landwehr_officer_pl|普 鲁 士 后 备 兵 军 服 
itm_prussian_landwehr_drum|普 鲁 士 后 备 兵 军 服 
itm_prussian_landwehr_drum_pl|普 鲁 士 后 备 兵 军 服 
itm_prussian_landwehr_flute|普 鲁 士 后 备 兵 军 服 
itm_prussian_landwehr_flute_pl|普 鲁 士 后 备 兵 军 服 
itm_prussian_landwehr_cav_ranker|普 鲁 士 后 备 兵 军 服 
itm_prussian_landwehr_cav_ranker_pl|普 鲁 士 后 备 兵 军 服 
itm_prussian_landwehr_cav_nco|普 鲁 士 后 备 兵 军 服 
itm_prussian_landwehr_cav_nco_pl|普 鲁 士 后 备 兵 军 服 
itm_prussian_landwehr_cav_officer|普 鲁 士 后 备 兵 军 服 
itm_prussian_landwehr_cav_officer_pl|普 鲁 士 后 备 兵 军 服 
itm_prussian_landwehr_cav_trumpet|普 鲁 士 后 备 兵 军 服 
itm_prussian_landwehr_cav_trumpet_pl|普 鲁 士 后 备 兵 军 服 
itm_prussian_blucher|布 吕 歇 尔 军 服 
itm_prussian_blucher_pl|布 吕 歇 尔 军 服 
itm_prussian_cuirassier_ranker|普 鲁 士 胸 甲 骑 兵 军 服 
itm_prussian_cuirassier_ranker_pl|普 鲁 士 胸 甲 骑 兵 军 服 
itm_prussian_cuirassier_nco|普 鲁 士 胸 甲 骑 兵 军 服 
itm_prussian_cuirassier_nco_pl|普 鲁 士 胸 甲 骑 兵 军 服 
itm_prussian_cuirassier_officer|普 鲁 士 胸 甲 骑 兵 军 服 
itm_prussian_cuirassier_officer_pl|普 鲁 士 胸 甲 骑 兵 军 服 
itm_prussian_cuirassier_trumpet|普 鲁 士 胸 甲 骑 兵 军 服 
itm_prussian_cuirassier_trumpet_pl|普 鲁 士 胸 甲 骑 兵 军 服 
itm_prussian_freikorps_ranker|普 鲁 士 志 愿 兵 军 服 
itm_prussian_freikorps_ranker_pl|普 鲁 士 志 愿 兵 军 服 
itm_prussian_freikorps_nco|普 鲁 士 志 愿 兵 军 服 
itm_prussian_freikorps_nco_pl|普 鲁 士 志 愿 兵 军 服 
itm_prussian_freikorps_officer|普 鲁 士 志 愿 兵 军 服 
itm_prussian_freikorps_officer_pl|普 鲁 士 志 愿 兵 军 服 
itm_prussian_freikorps_drum|普 鲁 士 志 愿 兵 军 服 
itm_prussian_freikorps_drum_pl|普 鲁 士 志 愿 兵 军 服 
itm_prussian_freikorps_flute|普 鲁 士 志 愿 兵 军 服 
itm_prussian_freikorps_flute_pl|普 鲁 士 志 愿 兵 军 服 
itm_prussian_pioneer|普 鲁 士 先 锋 军 服 
itm_prussian_pioneer_pl|普 鲁 士 先 锋 军 服 
itm_prussian_surgeon|军 医 服 装 
itm_prussian_surgeon_pl|军 医 服 装 
itm_russian_infantry1|俄 罗 斯 步 兵 军 服 
itm_russian_infantry1_pl|俄 罗 斯 步 兵 军 服 
itm_russian_infantry_nco|俄 罗 斯 步 兵 军 服 
itm_russian_infantry_nco_pl|俄 罗 斯 步 兵 军 服 
itm_russian_infantry_officer|俄 罗 斯 步 兵 军 服 
itm_russian_infantry_officer_pl|俄 罗 斯 步 兵 军 服 
itm_russian_drummer|俄 罗 斯 步 兵 军 服 
itm_russian_drummer_pl|俄 罗 斯 步 兵 军 服 
itm_russian_flautist|俄 罗 斯 步 兵 军 服 
itm_russian_flautist_pl|俄 罗 斯 步 兵 军 服 
itm_russian_hussar_officer|俄 罗 斯 轻 骑 兵 军 服 
itm_russian_hussar_officer_pl|俄 罗 斯 轻 骑 兵 军 服 
itm_russian_hussar_nco|俄 罗 斯 轻 骑 兵 军 服 
itm_russian_hussar_nco_pl|俄 罗 斯 轻 骑 兵 军 服 
itm_russian_hussar_ranker|俄 罗 斯 轻 骑 兵 军 服 
itm_russian_hussar_ranker_pl|俄 罗 斯 轻 骑 兵 军 服 
itm_russian_hussar_trumpeter|俄 罗 斯 轻 骑 兵 军 服 
itm_russian_hussar_trumpeter_pl|俄 罗 斯 轻 骑 兵 军 服 
itm_russian_horse_guard|俄 罗 斯 胸 甲 骑 兵 军 服 
itm_russian_horse_guard_pl|俄 罗 斯 胸 甲 骑 兵 军 服 
itm_russian_horse_guard_nco|俄 罗 斯 胸 甲 骑 兵 军 服 
itm_russian_horse_guard_nco_pl|俄 罗 斯 胸 甲 骑 兵 军 服 
itm_russian_horse_guard_officer|俄 罗 斯 胸 甲 骑 兵 军 服 
itm_russian_horse_guard_officer_pl|俄 罗 斯 胸 甲 骑 兵 军 服 
itm_russian_horse_guard_trumpeter|俄 罗 斯 胸 甲 骑 兵 军 服 
itm_russian_horse_guard_trumpeter_pl|俄 罗 斯 胸 甲 骑 兵 军 服 
itm_russian_cossack_officer|俄 罗 斯 哥 萨 克 军 服 
itm_russian_cossack_officer_pl|俄 罗 斯 哥 萨 克 军 服 
itm_russian_cossack|俄 罗 斯 哥 萨 克 军 服 
itm_russian_cossack_pl|俄 罗 斯 哥 萨 克 军 服 
itm_kutuzov|库 图 佐 夫 军 服 
itm_kutuzov_pl|库 图 佐 夫 军 服 
itm_russian_militia_officer|俄 罗 斯 民 兵 军 官 服 
itm_russian_militia_officer_pl|俄 罗 斯 民 兵 军 官 服 
itm_russian_militia_ranker|俄 罗 斯 民 兵 军 服 
itm_russian_militia_ranker_pl|俄 罗 斯 民 兵 军 服 
itm_russian_guard_officer|俄 罗 斯 近 卫 步 兵 军 服 
itm_russian_guard_officer_pl|俄 罗 斯 近 卫 步 兵 军 服 
itm_russian_guard_nco|俄 罗 斯 近 卫 步 兵 军 服 
itm_russian_guard_nco_pl|俄 罗 斯 近 卫 步 兵 军 服 
itm_russian_guard_ranker|俄 罗 斯 近 卫 步 兵 军 服 
itm_russian_guard_ranker_pl|俄 罗 斯 近 卫 步 兵 军 服 
itm_russian_guard_drummer|俄 罗 斯 近 卫 步 兵 军 服 
itm_russian_guard_drummer_pl|俄 罗 斯 近 卫 步 兵 军 服 
itm_russian_guard_flautist|俄 罗 斯 近 卫 步 兵 军 服 
itm_russian_guard_flautist_pl|俄 罗 斯 近 卫 步 兵 军 服 
itm_russian_jaeger_officer|俄 罗 斯 纯 毛 军 服 
itm_russian_jaeger_officer_pl|俄 罗 斯 纯 毛 军 服 
itm_russian_jaeger_nco|俄 罗 斯 纯 毛 军 服 
itm_russian_jaeger_nco_pl|俄 罗 斯 纯 毛 军 服 
itm_russian_jaeger_ranker|俄 罗 斯 纯 毛 军 服 
itm_russian_jaeger_ranker_pl|俄 罗 斯 纯 毛 军 服 
itm_russian_jaeger_musician|俄 罗 斯 纯 毛 军 服 
itm_russian_jaeger_musician_pl|俄 罗 斯 纯 毛 军 服 
itm_russian_gren_officer|俄 罗 斯 步 兵 军 服 
itm_russian_gren_officer_pl|俄 罗 斯 步 兵 军 服 
itm_russian_gren_nco|俄 罗 斯 步 兵 军 服 
itm_russian_gren_nco_pl|俄 罗 斯 步 兵 军 服 
itm_russian_gren_ranker|俄 罗 斯 步 兵 军 服 
itm_russian_gren_ranker_pl|俄 罗 斯 步 兵 军 服 
itm_russian_arty_officer|俄 罗 斯 炮 兵 军 服 
itm_russian_arty_officer_pl|俄 罗 斯 炮 兵 军 服 
itm_russian_arty_nco|俄 罗 斯 炮 兵 军 服 
itm_russian_arty_nco_pl|俄 罗 斯 炮 兵 军 服 
itm_russian_arty_ranker|俄 罗 斯 炮 兵 军 服 
itm_russian_arty_ranker_pl|俄 罗 斯 炮 兵 军 服 
itm_russian_dragoon_officer|俄 罗 斯 龙 骑 兵 军 服 
itm_russian_dragoon_officer_pl|俄 罗 斯 龙 骑 兵 军 服 
itm_russian_dragoon_nco|俄 罗 斯 龙 骑 兵 军 服 
itm_russian_dragoon_nco_pl|俄 罗 斯 龙 骑 兵 军 服 
itm_russian_dragoon_ranker|俄 罗 斯 龙 骑 兵 军 服 
itm_russian_dragoon_ranker_pl|俄 罗 斯 龙 骑 兵 军 服 
itm_russian_dragoon_trumpeter|俄 罗 斯 龙 骑 兵 军 服 
itm_russian_dragoon_trumpeter_pl|俄 罗 斯 龙 骑 兵 军 服 
itm_rus_partizan1|俄 罗 斯 上 品 外 套 
itm_rus_partizan1_pl|俄 罗 斯 上 品 外 套 
itm_rus_partizan2|俄 罗 斯 上 品 外 套 
itm_rus_partizan2_pl|俄 罗 斯 上 品 外 套 
itm_russian_uhlan_officer|俄 罗 斯 枪 骑 兵 军 服 
itm_russian_uhlan_officer_pl|俄 罗 斯 枪 骑 兵 军 服 
itm_russian_uhlan_nco|俄 罗 斯 枪 骑 兵 军 服 
itm_russian_uhlan_nco_pl|俄 罗 斯 枪 骑 兵 军 服 
itm_russian_uhlan_ranker|俄 罗 斯 枪 骑 兵 军 服 
itm_russian_uhlan_ranker_pl|俄 罗 斯 枪 骑 兵 军 服 
itm_russian_uhlan_trumpeter|俄 罗 斯 枪 骑 兵 军 服 
itm_russian_uhlan_trumpeter_pl|俄 罗 斯 枪 骑 兵 军 服 
itm_rus_pioneer|俄 罗 斯 先 锋 军 服 
itm_rus_pioneer_pl|俄 罗 斯 先 锋 军 服 
itm_russian_surgeon|军 医 服 装 
itm_russian_surgeon_pl|军 医 服 装 
itm_austrian_infantry|奥 地 利 步 兵 军 服 
itm_austrian_infantry_pl|奥 地 利 步 兵 军 服 
itm_austrian_infantry_nco|奥 地 利 步 兵 军 服 
itm_austrian_infantry_nco_pl|奥 地 利 步 兵 军 服 
itm_austrian_infantry_officer|奥 地 利 步 兵 军 服 
itm_austrian_infantry_officer_pl|奥 地 利 步 兵 军 服 
itm_austrian_infantry_drummer|奥 地 利 步 兵 军 服 
itm_austrian_infantry_drummer_pl|奥 地 利 步 兵 军 服 
itm_austrian_infantry_fifer|奥 地 利 步 兵 军 服 
itm_austrian_infantry_fifer_pl|奥 地 利 步 兵 军 服 
itm_austrian_infantry2|匈 牙 利 步 兵 军 服 
itm_austrian_infantry2_pl|匈 牙 利 步 兵 军 服 
itm_austrian_infantry2_nco|匈 牙 利 步 兵 军 服 
itm_austrian_infantry2_nco_pl|匈 牙 利 步 兵 军 服 
itm_austrian_infantry2_officer|匈 牙 利 步 兵 军 服 
itm_austrian_infantry2_officer_pl|匈 牙 利 步 兵 军 服 
itm_austrian_infantry2_drummer|匈 牙 利 步 兵 军 服 
itm_austrian_infantry2_drummer_pl|匈 牙 利 步 兵 军 服 
itm_austrian_infantry2_fifer|匈 牙 利 步 兵 军 服 
itm_austrian_infantry2_fifer_pl|匈 牙 利 步 兵 军 服 
itm_austrian_grenadier|匈 牙 利 步 兵 军 服 
itm_austrian_grenadier_pl|匈 牙 利 步 兵 军 服 
itm_austrian_grenadier_alt|匈 牙 利 步 兵 军 服 
itm_austrian_grenadier_alt_pl|匈 牙 利 步 兵 军 服 
itm_austrian_grenadier_nco|匈 牙 利 步 兵 军 服 
itm_austrian_grenadier_nco_pl|匈 牙 利 步 兵 军 服 
itm_austrian_grenadier_officer|匈 牙 利 步 兵 军 服 
itm_austrian_grenadier_officer_pl|匈 牙 利 步 兵 军 服 
itm_austrian_grenadier_drummer|匈 牙 利 步 兵 军 服 
itm_austrian_grenadier_drummer_pl|匈 牙 利 步 兵 军 服 
itm_austrian_grenadier_fifer|匈 牙 利 步 兵 军 服 
itm_austrian_grenadier_fifer_pl|匈 牙 利 步 兵 军 服 
itm_austrian_grenzer|奥 地 利 轻 步 兵 军 服 
itm_austrian_grenzer_pl|奥 地 利 轻 步 兵 军 服 
itm_austrian_grenzer_nco|奥 地 利 轻 步 兵 军 服 
itm_austrian_grenzer_nco_pl|奥 地 利 轻 步 兵 军 服 
itm_austrian_grenzer_officer|奥 地 利 轻 步 兵 军 服 
itm_austrian_grenzer_officer_pl|奥 地 利 轻 步 兵 军 服 
itm_austrian_grenzer_drummer|奥 地 利 轻 步 兵 军 服 
itm_austrian_grenzer_drummer_pl|奥 地 利 轻 步 兵 军 服 
itm_austrian_grenzer_fifer|奥 地 利 轻 步 兵 军 服 
itm_austrian_grenzer_fifer_pl|奥 地 利 轻 步 兵 军 服 
itm_austrian_jaeger|奥 地 利 纯 毛 军 服 
itm_austrian_jaeger_pl|奥 地 利 纯 毛 军 服 
itm_austrian_jaeger_nco|奥 地 利 纯 毛 军 服 
itm_austrian_jaeger_nco_pl|奥 地 利 纯 毛 军 服 
itm_austrian_jaeger_officer|奥 地 利 纯 毛 军 服 
itm_austrian_jaeger_officer_pl|奥 地 利 纯 毛 军 服 
itm_austrian_jaeger_hornist|奥 地 利 纯 毛 军 服 
itm_austrian_jaeger_hornist_pl|奥 地 利 纯 毛 军 服 
itm_austrian_lightcav|奥 地 利 轻 骑 兵 军 服 
itm_austrian_lightcav_pl|奥 地 利 轻 骑 兵 军 服 
itm_austrian_lightcav_nco|奥 地 利 轻 骑 兵 军 服 
itm_austrian_lightcav_nco_pl|奥 地 利 轻 骑 兵 军 服 
itm_austrian_lightcav_trumpet|奥 地 利 轻 骑 兵 军 服 
itm_austrian_lightcav_trumpet_pl|奥 地 利 轻 骑 兵 军 服 
itm_austrian_lightcav_officer|奥 地 利 轻 骑 兵 军 服 
itm_austrian_lightcav_officer_pl|奥 地 利 轻 骑 兵 军 服 
itm_austrian_dragoon|奥 地 利 龙 骑 兵 军 服 
itm_austrian_dragoon_pl|奥 地 利 龙 骑 兵 军 服 
itm_austrian_dragoon_nco|奥 地 利 龙 骑 兵 军 服 
itm_austrian_dragoon_nco_pl|奥 地 利 龙 骑 兵 军 服 
itm_austrian_dragoon_trumpet|奥 地 利 龙 骑 兵 军 服 
itm_austrian_dragoon_trumpet_pl|奥 地 利 龙 骑 兵 军 服 
itm_austrian_dragoon_officer|奥 地 利 龙 骑 兵 军 服 
itm_austrian_dragoon_officer_pl|奥 地 利 龙 骑 兵 军 服 
itm_austrian_uhlan|奥 地 利 枪 骑 兵 军 服 
itm_austrian_uhlan_pl|奥 地 利 枪 骑 兵 军 服 
itm_austrian_uhlan_nco|奥 地 利 枪 骑 兵 军 服 
itm_austrian_uhlan_nco_pl|奥 地 利 枪 骑 兵 军 服 
itm_austrian_uhlan_trumpet|奥 地 利 枪 骑 兵 军 服 
itm_austrian_uhlan_trumpet_pl|奥 地 利 枪 骑 兵 军 服 
itm_austrian_uhlan_officer|奥 地 利 枪 骑 兵 军 服 
itm_austrian_uhlan_officer_pl|奥 地 利 枪 骑 兵 军 服 
itm_austrian_arty|奥 地 利 炮 兵 军 服 
itm_austrian_arty_pl|奥 地 利 炮 兵 军 服 
itm_austrian_arty_train|奥 地 利 炮 兵 军 服 
itm_austrian_arty_train_pl|奥 地 利 炮 兵 军 服 
itm_austrian_arty_officer|奥 地 利 炮 兵 军 服 
itm_austrian_arty_officer_pl|奥 地 利 炮 兵 军 服 
itm_austrian_pioneer|奥 地 利 先 锋 军 服 
itm_austrian_pioneer_pl|奥 地 利 先 锋 军 服 
itm_austrian_hussar|奥 地 利 轻 骑 兵 军 服 
itm_austrian_hussar_pl|奥 地 利 轻 骑 兵 军 服 
itm_austrian_hussar_nco|奥 地 利 轻 骑 兵 军 服 
itm_austrian_hussar_nco_pl|奥 地 利 轻 骑 兵 军 服 
itm_austrian_hussar_trumpet|奥 地 利 轻 骑 兵 军 服 
itm_austrian_hussar_trumpet_pl|奥 地 利 轻 骑 兵 军 服 
itm_austrian_hussar_officer|奥 地 利 轻 骑 兵 军 服 
itm_austrian_hussar_officer_pl|奥 地 利 轻 骑 兵 军 服 
itm_austrian_cuiraisser|奥 地 利 胸 甲 骑 兵 军 服 
itm_austrian_cuiraisser_pl|奥 地 利 胸 甲 骑 兵 军 服 
itm_austrian_cuiraisser_nco|奥 地 利 胸 甲 骑 兵 军 服 
itm_austrian_cuiraisser_nco_pl|奥 地 利 胸 甲 骑 兵 军 服 
itm_austrian_cuiraisser_trumpet|奥 地 利 胸 甲 骑 兵 军 服 
itm_austrian_cuiraisser_trumpet_pl|奥 地 利 胸 甲 骑 兵 军 服 
itm_austrian_cuiraisser_officer|奥 地 利 胸 甲 骑 兵 军 服 
itm_austrian_cuiraisser_officer_pl|奥 地 利 胸 甲 骑 兵 军 服 
itm_austrian_schwarzenberg|施 瓦 岑 贝 格 军 服 
itm_austrian_schwarzenberg_pl|施 瓦 岑 贝 格 军 服 
itm_austrian_surgeon|军 医 服 装 
itm_austrian_surgeon_pl|军 医 服 装 
itm_bavarian_inf_ranker|巴 伐 利 亚 军 服 
itm_bavarian_inf_ranker_pl|巴 伐 利 亚 军 服 
itm_bavarian_inf_flagcarrier|巴 伐 利 亚 军 服 
itm_bavarian_inf_flagcarrier_pl|巴 伐 利 亚 军 服 
itm_bavarian_inf_officer|巴 伐 利 亚 军 服 
itm_bavarian_inf_officer_pl|巴 伐 利 亚 军 服 
itm_bavarian_inf_drummer|巴 伐 利 亚 军 服 
itm_bavarian_inf_drummer_pl|巴 伐 利 亚 军 服 
itm_bavarian_inf_flutist|巴 伐 利 亚 军 服 
itm_bavarian_inf_flutist_pl|巴 伐 利 亚 军 服 
itm_bavarian_jaeger_ranker|巴 伐 利 亚 军 服 
itm_bavarian_jaeger_ranker_pl|巴 伐 利 亚 军 服 
itm_bavarian_jaeger_nco|巴 伐 利 亚 军 服 
itm_bavarian_jaeger_nco_pl|巴 伐 利 亚 军 服 
itm_bavarian_jaeger_officer|巴 伐 利 亚 军 服 
itm_bavarian_jaeger_officer_pl|巴 伐 利 亚 军 服 
itm_bavarian_jaeger_hornist|巴 伐 利 亚 军 服 
itm_bavarian_jaeger_hornist_pl|巴 伐 利 亚 军 服 
itm_bavarian_artillery_ranker|巴 伐 利 亚 军 服 
itm_bavarian_artillery_ranker_pl|巴 伐 利 亚 军 服 
itm_bavarian_artillery_train|巴 伐 利 亚 军 服 
itm_bavarian_artillery_train_pl|巴 伐 利 亚 军 服 
itm_bavarian_artillery_officer|巴 伐 利 亚 军 服 
itm_bavarian_artillery_officer_pl|巴 伐 利 亚 军 服 
itm_saxon_inf_ranker|萨 克 森 军 服 
itm_saxon_inf_ranker_pl|萨 克 森 军 服 
itm_saxon_inf_nco|萨 克 森 军 服 
itm_saxon_inf_nco_pl|萨 克 森 军 服 
itm_saxon_inf_officer|萨 克 森 军 服 
itm_saxon_inf_officer_pl|萨 克 森 军 服 
itm_saxon_inf_drummer|萨 克 森 军 服 
itm_saxon_inf_drummer_pl|萨 克 森 军 服 
itm_saxon_inf_fifer|萨 克 森 军 服 
itm_saxon_inf_fifer_pl|萨 克 森 军 服 
itm_saxon_uhlan_ranker|萨 克 森 军 服 
itm_saxon_uhlan_ranker_pl|萨 克 森 军 服 
itm_saxon_uhlan_ranker_alt|萨 克 森 军 服 
itm_saxon_uhlan_ranker_alt_pl|萨 克 森 军 服 
itm_saxon_uhlan_nco|萨 克 森 军 服 
itm_saxon_uhlan_nco_pl|萨 克 森 军 服 
itm_saxon_uhlan_officer|萨 克 森 军 服 
itm_saxon_uhlan_officer_pl|萨 克 森 军 服 
itm_saxon_uhlan_trumpet|萨 克 森 军 服 
itm_saxon_uhlan_trumpet_pl|萨 克 森 军 服 
itm_hessian_inf_ranker|黑 森 军 服 
itm_hessian_inf_ranker_pl|黑 森 军 服 
itm_hessian_inf_nco|黑 森 军 服 
itm_hessian_inf_nco_pl|黑 森 军 服 
itm_hessian_inf_officer|黑 森 军 服 
itm_hessian_inf_officer_pl|黑 森 军 服 
itm_rhine_surgeon|军 医 服 装 
itm_rhine_surgeon_pl|军 医 服 装 
itm_westphalian_guard_ranker|威 斯 特 法 伦 军 服 
itm_westphalian_guard_ranker_pl|威 斯 特 法 伦 军 服 
itm_westphalian_guard_nco|威 斯 特 法 伦 军 服 
itm_westphalian_guard_nco_pl|威 斯 特 法 伦 军 服 
itm_westphalian_guard_officer|威 斯 特 法 伦 军 服 
itm_westphalian_guard_officer_pl|威 斯 特 法 伦 军 服 
itm_westphalian_guard_drummer|威 斯 特 法 伦 军 服 
itm_westphalian_guard_drummer_pl|威 斯 特 法 伦 军 服 
itm_westphalian_guard_fifer|威 斯 特 法 伦 军 服 
itm_westphalian_guard_fifer_pl|威 斯 特 法 伦 军 服 
itm_saxon_king|王 室 服 装 
itm_saxon_king_pl|王 室 服 装 
itm_nassau_jaeger_ranker|拿 骚 军 服 
itm_nassau_jaeger_ranker_pl|拿 骚 军 服 
itm_nassau_jaeger_nco|拿 骚 军 服 
itm_nassau_jaeger_nco_pl|拿 骚 军 服 
itm_nassau_jaeger_officer|拿 骚 军 服 
itm_nassau_jaeger_officer_pl|拿 骚 军 服 
itm_nassau_jaeger_trumpet|拿 骚 军 服 
itm_nassau_jaeger_trumpet_pl|拿 骚 军 服 
itm_wurttemberg_inf_ranker|符 腾 堡 军 服 
itm_wurttemberg_inf_ranker_pl|符 腾 堡 军 服 
itm_wurttemberg_inf_flagcarrier|符 腾 堡 军 服 
itm_wurttemberg_inf_flagcarrier_pl|符 腾 堡 军 服 
itm_wurttemberg_inf_officer|符 腾 堡 军 服 
itm_wurttemberg_inf_officer_pl|符 腾 堡 军 服 
itm_wurttemberg_inf_drummer|符 腾 堡 军 服 
itm_wurttemberg_inf_drummer_pl|符 腾 堡 军 服 
itm_wurttemberg_inf_flutist|符 腾 堡 军 服 
itm_wurttemberg_inf_flutist_pl|符 腾 堡 军 服 
itm_wurttemberg2_inf_ranker|符 腾 堡 军 服 
itm_wurttemberg2_inf_ranker_pl|符 腾 堡 军 服 
itm_wurttemberg2_inf_flagcarrier|符 腾 堡 军 服 
itm_wurttemberg2_inf_flagcarrier_pl|符 腾 堡 军 服 
itm_wurttemberg2_inf_officer|符 腾 堡 军 服 
itm_wurttemberg2_inf_officer_pl|符 腾 堡 军 服 
itm_wurttemberg2_inf_drummer|符 腾 堡 军 服 
itm_wurttemberg2_inf_drummer_pl|符 腾 堡 军 服 
itm_wurttemberg2_inf_flutist|符 腾 堡 军 服 
itm_wurttemberg2_inf_flutist_pl|符 腾 堡 军 服 
itm_berg_pioneer|贝 格 工 兵 军 服 
itm_berg_pioneer_pl|贝 格 工 兵 军 服 
itm_saxon_garde_ranker|萨 克 森 胸 甲 骑 兵 军 服 
itm_saxon_garde_ranker_pl|萨 克 森 胸 甲 骑 兵 军 服 
itm_saxon_garde_colours|萨 克 森 胸 甲 骑 兵 军 服 
itm_saxon_garde_colours_pl|萨 克 森 胸 甲 骑 兵 军 服 
itm_saxon_garde_officer|萨 克 森 胸 甲 骑 兵 军 服 
itm_saxon_garde_officer_pl|萨 克 森 胸 甲 骑 兵 军 服 
itm_saxon_garde_body_trumpeter|萨 克 森 号 手 军 服 
itm_saxon_garde_body_trumpeter_pl|萨 克 森 号 手 军 服 
itm_westphalian_cuirassier_ranker|威 斯 特 法 伦 胸 甲 骑 兵 军 服 
itm_westphalian_cuirassier_ranker_pl|威 斯 特 法 伦 胸 甲 骑 兵 军 服 
itm_westphalian_cuirassier_colours|威 斯 特 法 伦 胸 甲 骑 兵 军 服 
itm_westphalian_cuirassier_colours_pl|威 斯 特 法 伦 胸 甲 骑 兵 军 服 
itm_westphalian_cuirassier_officer|威 斯 特 法 伦 胸 甲 骑 兵 军 服 
itm_westphalian_cuirassier_officer_pl|威 斯 特 法 伦 胸 甲 骑 兵 军 服 
itm_westphalian_cuirassier_body_trumpeter|威 斯 特 法 伦 号 手 军 服 
itm_westphalian_cuirassier_body_trumpeter_pl|威 斯 特 法 伦 号 手 军 服 
itm_baden_dragoon_ranker|奥 地 利 轻 骑 兵 军 服 
itm_baden_dragoon_ranker_pl|奥 地 利 轻 骑 兵 军 服 
itm_baden_dragoon_nco|奥 地 利 轻 骑 兵 军 服 
itm_baden_dragoon_nco_pl|奥 地 利 轻 骑 兵 军 服 
itm_baden_dragoon_trumpet|奥 地 利 轻 骑 兵 军 服 
itm_baden_dragoon_trumpet_pl|奥 地 利 轻 骑 兵 军 服 
itm_baden_dragoon_officer|奥 地 利 轻 骑 兵 军 服 
itm_baden_dragoon_officer_pl|奥 地 利 轻 骑 兵 军 服 
itm_rus_pavlovsk_ranker|巴 甫 洛 夫 斯 基 军 帽 
itm_rus_pavlovsk_ranker_pl|巴 甫 洛 夫 斯 基 军 帽 
itm_rus_kyiv_dragoons_all|俄 罗 斯 龙 骑 兵 头 盔 
itm_rus_kyiv_dragoons_all_pl|俄 罗 斯 龙 骑 兵 头 盔 
itm_rus_kyiv_dragoons_trumpeter|俄 罗 斯 龙 骑 兵 号 手 头 盔 
itm_rus_kyiv_dragoons_trumpeter_pl|俄 罗 斯 龙 骑 兵 号 手 头 盔 
itm_rus_drummer_shako|俄 罗 斯 步 兵 军 帽 
itm_rus_drummer_shako_pl|俄 罗 斯 步 兵 军 帽 
itm_rus_chevalier_hat|俄 罗 斯 胸 甲 骑 兵 头 盔 
itm_rus_chevalier_hat_pl|俄 罗 斯 胸 甲 骑 兵 头 盔 
itm_rus_chevalier_hat_officer|俄 罗 斯 胸 甲 骑 兵 头 盔 
itm_rus_chevalier_hat_officer_pl|俄 罗 斯 胸 甲 骑 兵 头 盔 
itm_rus_chevalier_hat_trumpeter|俄 罗 斯 胸 甲 骑 兵 头 盔 
itm_rus_chevalier_hat_trumpeter_pl|俄 罗 斯 胸 甲 骑 兵 头 盔 
itm_rus_arty_shako_officer|俄 罗 斯 炮 兵 军 帽 
itm_rus_arty_shako_officer_pl|俄 罗 斯 炮 兵 军 帽 
itm_rus_arty_shako_nco|俄 罗 斯 炮 兵 军 帽 
itm_rus_arty_shako_nco_pl|俄 罗 斯 炮 兵 军 帽 
itm_rus_arty_shako_ranker|俄 罗 斯 炮 兵 军 帽 
itm_rus_arty_shako_ranker_pl|俄 罗 斯 炮 兵 军 帽 
itm_rus_cossack_hat_officer|哥 萨 克 帽 
itm_rus_cossack_hat_officer_pl|哥 萨 克 帽 
itm_rus_cossack_hat_nco|哥 萨 克 帽 
itm_rus_cossack_hat_nco_pl|哥 萨 克 帽 
itm_rus_cossack_hat_ranker|哥 萨 克 帽 
itm_rus_cossack_hat_ranker_pl|哥 萨 克 帽 
itm_rus_hussar_shako_officer|俄 罗 斯 轻 骑 兵 军 帽 
itm_rus_hussar_shako_officer_pl|俄 罗 斯 轻 骑 兵 军 帽 
itm_rus_hussar_shako_nco|俄 罗 斯 轻 骑 兵 军 帽 
itm_rus_hussar_shako_nco_pl|俄 罗 斯 轻 骑 兵 军 帽 
itm_rus_hussar_shako_ranker|俄 罗 斯 轻 骑 兵 军 帽 
itm_rus_hussar_shako_ranker_pl|俄 罗 斯 轻 骑 兵 军 帽 
itm_rus_hussar_shako_trumpeter|俄 罗 斯 轻 骑 兵 军 帽 
itm_rus_hussar_shako_trumpeter_pl|俄 罗 斯 轻 骑 兵 军 帽 
itm_rus_jaeger_shako_nco|俄 罗 斯 纯 毛 军 帽 
itm_rus_jaeger_shako_nco_pl|俄 罗 斯 纯 毛 军 帽 
itm_rus_jaeger_shako_ranker|俄 罗 斯 纯 毛 军 帽 
itm_rus_jaeger_shako_ranker_pl|俄 罗 斯 纯 毛 军 帽 
itm_kutuzov_hat|库 图 佐 夫 帽 
itm_kutuzov_hat_pl|库 图 佐 夫 帽 
itm_rus_guard_shako_officer|俄 罗 斯 近 卫 步 兵 军 帽 
itm_rus_guard_shako_officer_pl|俄 罗 斯 近 卫 步 兵 军 帽 
itm_rus_guard_shako_nco|俄 罗 斯 近 卫 步 兵 军 帽 
itm_rus_guard_shako_nco_pl|俄 罗 斯 近 卫 步 兵 军 帽 
itm_rus_guard_shako_ranker|俄 罗 斯 近 卫 步 兵 军 帽 
itm_rus_guard_shako_ranker_pl|俄 罗 斯 近 卫 步 兵 军 帽 
itm_rus_guard_shako_musician|俄 罗 斯 近 卫 步 兵 军 帽 
itm_rus_guard_shako_musician_pl|俄 罗 斯 近 卫 步 兵 军 帽 
itm_rus_infantry_officer_shako|俄 罗 斯 步 兵 军 帽 
itm_rus_infantry_officer_shako_pl|俄 罗 斯 步 兵 军 帽 
itm_rus_infantry_shako_nco|俄 罗 斯 步 兵 军 帽 
itm_rus_infantry_shako_nco_pl|俄 罗 斯 步 兵 军 帽 
itm_rus_pioneer_shako|俄 罗 斯 先 锋 军 帽 
itm_rus_pioneer_shako_pl|俄 罗 斯 先 锋 军 帽 
itm_rus_partisan_hat1|农 夫 帽 
itm_rus_partisan_hat1_pl|农 夫 帽 
itm_rus_partisan_hat2|农 夫 帽 
itm_rus_partisan_hat2_pl|农 夫 帽 
itm_rus_partisan_hat3|农 夫 帽 
itm_rus_partisan_hat3_pl|农 夫 帽 
itm_rus_partisan_hat4|农 夫 帽 
itm_rus_partisan_hat4_pl|农 夫 帽 
itm_rus_partisan_hat5|农 夫 帽 
itm_rus_partisan_hat5_pl|农 夫 帽 
itm_rus_uhlan_czapka_officer|俄 罗 斯 枪 骑 兵 军 帽 
itm_rus_uhlan_czapka_officer_pl|俄 罗 斯 枪 骑 兵 军 帽 
itm_rus_uhlan_czapka_nco|俄 罗 斯 枪 骑 兵 军 帽 
itm_rus_uhlan_czapka_nco_pl|俄 罗 斯 枪 骑 兵 军 帽 
itm_rus_uhlan_czapka_ranker|俄 罗 斯 枪 骑 兵 军 帽 
itm_rus_uhlan_czapka_ranker_pl|俄 罗 斯 枪 骑 兵 军 帽 
itm_rus_uhlan_czapka_trumpeter|俄 罗 斯 枪 骑 兵 军 帽 
itm_rus_uhlan_czapka_trumpeter_pl|俄 罗 斯 枪 骑 兵 军 帽 
itm_french_dragoon_helmet|龙 骑 兵 头 盔 
itm_french_dragoon_helmet_pl|龙 骑 兵 头 盔 
itm_french_dragoon_helmet_officer|龙 骑 兵 头 盔 
itm_french_dragoon_helmet_officer_pl|龙 骑 兵 头 盔 
itm_french_dragoon_helmet_trumpeter|龙 骑 兵 头 盔 
itm_french_dragoon_helmet_trumpeter_pl|龙 骑 兵 头 盔 
itm_french_cuirassier_helmet|胸 甲 骑 兵 头 盔 
itm_french_cuirassier_helmet_pl|胸 甲 骑 兵 头 盔 
itm_french_cuirassier_helmet_officer|胸 甲 骑 兵 头 盔 
itm_french_cuirassier_helmet_officer_pl|胸 甲 骑 兵 头 盔 
itm_french_cuirassier_helmet_trumpeter|胸 甲 骑 兵 头 盔 
itm_french_cuirassier_helmet_trumpeter_pl|胸 甲 骑 兵 头 盔 
itm_french_carabineer_helmet|胸 甲 骑 兵 头 盔 
itm_french_carabineer_helmet_pl|胸 甲 骑 兵 头 盔 
itm_french_carabineer_helmet_officer|胸 甲 骑 兵 头 盔 
itm_french_carabineer_helmet_officer_pl|胸 甲 骑 兵 头 盔 
itm_french_carabineer_helmet_trumpeter|胸 甲 骑 兵 头 盔 
itm_french_carabineer_helmet_trumpeter_pl|胸 甲 骑 兵 头 盔 
itm_french_hussar_shako_colours|轻 骑 兵 军 帽 
itm_french_hussar_shako_colours_pl|轻 骑 兵 军 帽 
itm_french_hussar_shako_ranker|轻 骑 兵 军 帽 
itm_french_hussar_shako_ranker_pl|轻 骑 兵 军 帽 
itm_french_hussar_shako_trumpeter|轻 骑 兵 军 帽 
itm_french_hussar_shako_trumpeter_pl|轻 骑 兵 军 帽 
itm_french_inf_shako_45_ranker|步 兵 军 帽 
itm_french_inf_shako_45_ranker_pl|步 兵 军 帽 
itm_french_vistula_shako_colours|步 兵 军 帽 
itm_french_vistula_shako_colours_pl|步 兵 军 帽 
itm_french_vistula_shako_ranker|步 兵 军 帽 
itm_french_vistula_shako_ranker_pl|步 兵 军 帽 
itm_french_vistula_shako_officer|步 兵 军 帽 
itm_french_vistula_shako_officer_pl|步 兵 军 帽 
itm_french_inf_shako_84_colours|步 兵 军 帽 
itm_french_inf_shako_84_colours_pl|步 兵 军 帽 
itm_french_inf_shako_84_ranker|步 兵 军 帽 
itm_french_inf_shako_84_ranker_pl|步 兵 军 帽 
itm_french_inf_shako_84_officer|步 兵 军 帽 
itm_french_inf_shako_84_officer_pl|步 兵 军 帽 
itm_french_voltigeur_shako_officer|轻 步 兵 军 帽 
itm_french_voltigeur_shako_officer_pl|轻 步 兵 军 帽 
itm_french_voltigeur_shako_ranker|轻 步 兵 军 帽 
itm_french_voltigeur_shako_ranker_pl|轻 步 兵 军 帽 
itm_french_ldlg_czapka_officer|近 卫 枪 骑 兵 军 帽 
itm_french_ldlg_czapka_officer_pl|近 卫 枪 骑 兵 军 帽 
itm_french_ldlg_czapka_ranker|近 卫 枪 骑 兵 军 帽 
itm_french_ldlg_czapka_ranker_pl|近 卫 枪 骑 兵 军 帽 
itm_french_ldlg_czapka_trumpeter|近 卫 枪 骑 兵 军 帽 
itm_french_ldlg_czapka_trumpeter_pl|近 卫 枪 骑 兵 军 帽 
itm_french_artillery_bearskin_officer|炮 兵 熊 皮 帽 
itm_french_artillery_bearskin_officer_pl|炮 兵 熊 皮 帽 
itm_french_artillery_bearskin_ranker|炮 兵 熊 皮 帽 
itm_french_artillery_bearskin_ranker_pl|炮 兵 熊 皮 帽 
itm_french_gap_bearskin_officer|掷 弹 兵 熊 皮 帽 
itm_french_gap_bearskin_officer_pl|掷 弹 兵 熊 皮 帽 
itm_french_gap_bearskin_colours|掷 弹 兵 熊 皮 帽 
itm_french_gap_bearskin_colours_pl|掷 弹 兵 熊 皮 帽 
itm_french_gap_bearskin_ranker|掷 弹 兵 熊 皮 帽 
itm_french_gap_bearskin_ranker_pl|掷 弹 兵 熊 皮 帽 
itm_french_sapper_bearskin|工 兵 熊 皮 帽 
itm_french_sapper_bearskin_pl|工 兵 熊 皮 帽 
itm_french_inf_bicorne_45_officer|步 兵 双 角 帽 
itm_french_inf_bicorne_45_officer_pl|步 兵 双 角 帽 
itm_french_hussar_bearskin_officer|轻 骑 兵 熊 皮 帽 
itm_french_hussar_bearskin_officer_pl|轻 骑 兵 熊 皮 帽 
itm_french_artillery_train_shako|辎 重 炮 兵 军 帽 
itm_french_artillery_train_shako_pl|辎 重 炮 兵 军 帽 
itm_french_nappy_hat|拿 破 仑 双 角 帽 
itm_french_nappy_hat_pl|拿 破 仑 双 角 帽 
itm_grach_bearskin_ranker|掷 弹 骑 兵 熊 皮 帽 
itm_grach_bearskin_ranker_pl|掷 弹 骑 兵 熊 皮 帽 
itm_grach_bearskin_officer|掷 弹 骑 兵 熊 皮 帽 
itm_grach_bearskin_officer_pl|掷 弹 骑 兵 熊 皮 帽 
itm_grach_bearskin_trumpeter|掷 弹 骑 兵 熊 皮 帽 
itm_grach_bearskin_trumpeter_pl|掷 弹 骑 兵 熊 皮 帽 
itm_french_captain_hat|法 国 队 长 军 帽 
itm_french_captain_hat_pl|法 国 队 长 军 帽 
itm_french_marine_hat|法 国 海 军 帽 
itm_french_marine_hat_pl|法 国 海 军 帽 
itm_french_seaman_hat|法 国 水 手 帽 
itm_french_seaman_hat_pl|法 国 水 手 帽 
itm_french_seaman_hat_2|法 国 水 手 帽 
itm_french_seaman_hat_2_pl|法 国 水 手 帽 
itm_aus_arty_bicorn|炮 兵 双 角 帽 
itm_aus_arty_bicorn_pl|炮 兵 双 角 帽 
itm_aus_arty_cap_bicorn|炮 兵 双 角 帽 
itm_aus_arty_cap_bicorn_pl|炮 兵 双 角 帽 
itm_aus_arty_train_hat|辎 重 炮 兵 帽 
itm_aus_arty_train_hat_pl|辎 重 炮 兵 帽 
itm_aus_cavalry_helmet_officer|骑 兵 头 盔 
itm_aus_cavalry_helmet_officer_pl|骑 兵 头 盔 
itm_aus_cavalry_helmet_ranker|骑 兵 头 盔 
itm_aus_cavalry_helmet_ranker_pl|骑 兵 头 盔 
itm_aus_cavalry_helmet_trumpeter|骑 兵 头 盔 
itm_aus_cavalry_helmet_trumpeter_pl|骑 兵 头 盔 
itm_aus_uhlan_czapka|枪 骑 兵 帽 
itm_aus_uhlan_czapka_pl|枪 骑 兵 帽 
itm_aus_uhlan_czapka_officer|枪 骑 兵 帽 
itm_aus_uhlan_czapka_officer_pl|枪 骑 兵 帽 
itm_aus_uhlan_czapka_trumpeter|枪 骑 兵 帽 
itm_aus_uhlan_czapka_trumpeter_pl|枪 骑 兵 帽 
itm_aus_shwarzenberg_bicorn|施 瓦 岑 贝 格 双 角 帽 
itm_aus_shwarzenberg_bicorn_pl|施 瓦 岑 贝 格 双 角 帽 
itm_aus_grenadier_bearskin|掷 弹 兵 熊 皮 帽 
itm_aus_grenadier_bearskin_pl|掷 弹 兵 熊 皮 帽 
itm_aus_tyrol_hat|提 洛 尔 帽 
itm_aus_tyrol_hat_pl|提 洛 尔 帽 
itm_aus_tyrol_hat_officer|提 洛 尔 帽 
itm_aus_tyrol_hat_officer_pl|提 洛 尔 帽 
itm_aus_pioneer_hat|先 锋 帽 
itm_aus_pioneer_hat_pl|先 锋 帽 
itm_aus_grenadier_bearskin_officer|掷 弹 兵 熊 皮 帽 
itm_aus_grenadier_bearskin_officer_pl|掷 弹 兵 熊 皮 帽 
itm_aus_grenzer_officer|轻 步 兵 军 帽 
itm_aus_grenzer_officer_pl|轻 步 兵 军 帽 
itm_aus_grenzer_ranker|轻 步 兵 军 帽 
itm_aus_grenzer_ranker_pl|轻 步 兵 军 帽 
itm_aus_infantry_nco|步 兵 军 帽 
itm_aus_infantry_nco_pl|步 兵 军 帽 
itm_aus_infantry_officer|步 兵 军 帽 
itm_aus_infantry_officer_pl|步 兵 军 帽 
itm_aus_infantry_ranker|步 兵 军 帽 
itm_aus_infantry_ranker_pl|步 兵 军 帽 
itm_aus_hussard_shako_nco|轻 骑 兵 军 帽 
itm_aus_hussard_shako_nco_pl|轻 骑 兵 军 帽 
itm_aus_hussard_shako_officer|轻 骑 兵 军 帽 
itm_aus_hussard_shako_officer_pl|轻 骑 兵 军 帽 
itm_aus_hussard_shako_ranker|轻 骑 兵 军 帽 
itm_aus_hussard_shako_ranker_pl|轻 骑 兵 军 帽 
itm_aus_hussard_shako_trumpeter|轻 骑 兵 军 帽 
itm_aus_hussard_shako_trumpeter_pl|轻 骑 兵 军 帽 
itm_aus_surgeon_hat|军 医 帽 
itm_aus_surgeon_hat_pl|军 医 帽 
itm_british_artillery_shako_officer|炮 兵 军 帽 
itm_british_artillery_shako_officer_pl|炮 兵 军 帽 
itm_british_artillery_shako_ranker|炮 兵 军 帽 
itm_british_artillery_shako_ranker_pl|炮 兵 军 帽 
itm_british_rocket_tarleton|炮 兵 塔 尔 顿 
itm_british_rocket_tarleton_pl|炮 兵 塔 尔 顿 
itm_british_kgl_shako_officer|基 加 利 军 帽 
itm_british_kgl_shako_officer_pl|基 加 利 军 帽 
itm_british_kgl_shako_ranker|基 加 利 军 帽 
itm_british_kgl_shako_ranker_pl|基 加 利 军 帽 
itm_british_light_shako_ranker|轻 步 兵 军 帽 
itm_british_light_shako_ranker_pl|轻 步 兵 军 帽 
itm_british_light_shako_officer|轻 步 兵 军 帽 
itm_british_light_shako_officer_pl|轻 步 兵 军 帽 
itm_british_rifle_shako_officer|步 枪 兵 军 帽 
itm_british_rifle_shako_officer_pl|步 枪 兵 军 帽 
itm_british_rifle_shako_ranker|步 枪 兵 军 帽 
itm_british_rifle_shako_ranker_pl|步 枪 兵 军 帽 
itm_british_rifle_beret|步 枪 兵 贝 雷 帽 
itm_british_rifle_beret_pl|步 枪 兵 贝 雷 帽 
itm_british_rifle_beret_2|步 枪 兵 贝 雷 帽 
itm_british_rifle_beret_2_pl|步 枪 兵 贝 雷 帽 
itm_british_highland_bonnet_ranker|汉 兰 达 苏 格 兰 帽 
itm_british_highland_bonnet_ranker_pl|汉 兰 达 苏 格 兰 帽 
itm_british_highland_bonnet_ensign|汉 兰 达 苏 格 兰 帽 
itm_british_highland_bonnet_ensign_pl|汉 兰 达 苏 格 兰 帽 
itm_british_highland_bonnet_officer|汉 兰 达 苏 格 兰 帽 
itm_british_highland_bonnet_officer_pl|汉 兰 达 苏 格 兰 帽 
itm_british_highland_bonnet_drummer|汉 兰 达 苏 格 兰 帽 
itm_british_highland_bonnet_drummer_pl|汉 兰 达 苏 格 兰 帽 
itm_british_guard_shako_officer|卫 队 步 兵 军 帽 
itm_british_guard_shako_officer_pl|卫 队 步 兵 军 帽 
itm_british_guard_shako_ranker|卫 队 步 兵 军 帽 
itm_british_guard_shako_ranker_pl|卫 队 步 兵 军 帽 
itm_33_stovepipe|步 兵 军 帽 
itm_33_stovepipe_pl|步 兵 军 帽 
itm_british_lightdragoon_shako_ranker|轻 骑 兵 军 帽 
itm_british_lightdragoon_shako_ranker_pl|轻 骑 兵 军 帽 
itm_british_lightdragoon_shako_officer|轻 骑 兵 军 帽 
itm_british_lightdragoon_shako_officer_pl|轻 骑 兵 军 帽 
itm_british_lightdragoon_shako_trumpeter|轻 骑 兵 军 帽 
itm_british_lightdragoon_shako_trumpeter_pl|轻 骑 兵 军 帽 
itm_british_iniskilling_helmet_ranker|龙 骑 兵 头 盔 
itm_british_iniskilling_helmet_ranker_pl|龙 骑 兵 头 盔 
itm_british_iniskilling_helmet_officer|龙 骑 兵 头 盔 
itm_british_iniskilling_helmet_officer_pl|龙 骑 兵 头 盔 
itm_british_iniskilling_helmet_trumpeter|龙 骑 兵 头 盔 
itm_british_iniskilling_helmet_trumpeter_pl|龙 骑 兵 头 盔 
itm_british_lifeguard_helmet_ranker|骑 马 卫 队 头 盔 
itm_british_lifeguard_helmet_ranker_pl|骑 马 卫 队 头 盔 
itm_british_lifeguard_helmet_officer|骑 马 卫 队 头 盔 
itm_british_lifeguard_helmet_officer_pl|骑 马 卫 队 头 盔 
itm_british_lifeguard_helmet_trumpeter|骑 马 卫 队 头 盔 
itm_british_lifeguard_helmet_trumpeter_pl|骑 马 卫 队 头 盔 
itm_british_kgl_hussar_bearskin|基 加 利 轻 骑 兵 头 盔 
itm_british_kgl_hussar_bearskin_pl|基 加 利 轻 骑 兵 头 盔 
itm_british_kgl_hussar_officer_bearskin|基 加 利 轻 骑 兵 头 盔 
itm_british_kgl_hussar_officer_bearskin_pl|基 加 利 轻 骑 兵 头 盔 
itm_british_kgl_hussar_bearskin_trumpeter|基 加 利 轻 骑 兵 头 盔 
itm_british_kgl_hussar_bearskin_trumpeter_pl|基 加 利 轻 骑 兵 头 盔 
itm_british_wellington_bicorne|惠 灵 顿 双 角 帽 
itm_british_wellington_bicorne_pl|惠 灵 顿 双 角 帽 
itm_british_captain_hat|英 国 队 长 军 帽 
itm_british_captain_hat_pl|英 国 队 长 军 帽 
itm_british_seaman_hat|英 国 海 军 帽 
itm_british_seaman_hat_pl|英 国 海 军 帽 
itm_british_seaman_hat_2|英 国 水 手 帽 
itm_british_seaman_hat_2_pl|英 国 水 手 帽 
itm_royal_marine_beret|皇 家 海 军 贝 雷 帽 
itm_royal_marine_beret_pl|皇 家 海 军 贝 雷 帽 
itm_royal_marine_hat|皇 家 海 军 军 帽 
itm_royal_marine_hat_pl|皇 家 海 军 军 帽 
itm_british_surgeon_bicorne|军 医 双 角 帽 
itm_british_surgeon_bicorne_pl|军 医 双 角 帽 
itm_prussian_landwehr_hat|后 备 兵 帽 
itm_prussian_landwehr_hat_pl|后 备 兵 帽 
itm_prussian_landwehr_hat_2|后 备 兵 帽 
itm_prussian_landwehr_hat_2_pl|后 备 兵 帽 
itm_prussian_landwehr_hat_3|后 备 兵 帽 
itm_prussian_landwehr_hat_3_pl|后 备 兵 帽 
itm_prussian_shako|军 帽 
itm_prussian_shako_pl|军 帽 
itm_prussian_shako_2|军 帽 
itm_prussian_shako_2_pl|军 帽 
itm_prussian_infantry_hat_officer|军 官 帽 
itm_prussian_infantry_hat_officer_pl|军 官 帽 
itm_prussian_hussar_shako|轻 骑 兵 军 帽 
itm_prussian_hussar_shako_pl|轻 骑 兵 军 帽 
itm_prussian_hussar_officer_shako|轻 骑 兵 军 帽 
itm_prussian_hussar_officer_shako_pl|轻 骑 兵 军 帽 
itm_prussian_blucher_hat|布 卢 彻 帽 
itm_prussian_blucher_hat_pl|布 卢 彻 帽 
itm_prussian_arty_shako_officer|炮 兵 军 帽 
itm_prussian_arty_shako_officer_pl|炮 兵 军 帽 
itm_prussian_arty_shako_ranker|炮 兵 军 帽 
itm_prussian_arty_shako_ranker_pl|炮 兵 军 帽 
itm_prussian_dragoon_shako_officer|龙 骑 兵 军 帽 
itm_prussian_dragoon_shako_officer_pl|龙 骑 兵 军 帽 
itm_prussian_dragoon_shako_ranker|龙 骑 兵 军 帽 
itm_prussian_dragoon_shako_ranker_pl|龙 骑 兵 军 帽 
itm_prussian_guard_musician_shako|卫 队 步 兵 军 帽 
itm_prussian_guard_musician_shako_pl|卫 队 步 兵 军 帽 
itm_prussian_guard_colours_shako|卫 队 步 兵 军 帽 
itm_prussian_guard_colours_shako_pl|卫 队 步 兵 军 帽 
itm_prussian_guard_officer_shako|卫 队 步 兵 军 帽 
itm_prussian_guard_officer_shako_pl|卫 队 步 兵 军 帽 
itm_prussian_guard_ranker_shako|卫 队 步 兵 军 帽 
itm_prussian_guard_ranker_shako_pl|卫 队 步 兵 军 帽 
itm_prussian_inf_off_shako|步 兵 军 帽 
itm_prussian_inf_off_shako_pl|步 兵 军 帽 
itm_prussian_jaeger_officer_shako|纯 毛 军 帽 
itm_prussian_jaeger_officer_shako_pl|纯 毛 军 帽 
itm_prussian_landwehr_cav_shako|后 备 兵 军 帽 
itm_prussian_landwehr_cav_shako_pl|后 备 兵 军 帽 
itm_prussian_landwehr_cav_shako_officer|后 备 兵 军 帽 
itm_prussian_landwehr_cav_shako_officer_pl|后 备 兵 军 帽 
itm_prussian_pioneer_shako|先 锋 军 帽 
itm_prussian_pioneer_shako_pl|先 锋 军 帽 
itm_prussian_shako_colours|步 兵 军 帽 
itm_prussian_shako_colours_pl|步 兵 军 帽 
itm_prussian_shako_colours_2|步 兵 军 帽 
itm_prussian_shako_colours_2_pl|步 兵 军 帽 
itm_prussian_cuirassier_helmet|胸 甲 骑 兵 头 盔 
itm_prussian_cuirassier_helmet_pl|胸 甲 骑 兵 头 盔 
itm_prussian_cuirassier_helmet_trumpet|胸 甲 骑 兵 头 盔 
itm_prussian_cuirassier_helmet_trumpet_pl|胸 甲 骑 兵 头 盔 
itm_prussian_freikorps_officer_hat|自 由 军 团 帽 
itm_prussian_freikorps_officer_hat_pl|自 由 军 团 帽 
itm_prussian_infantry2_hat|步 兵 帽 
itm_prussian_infantry2_hat_pl|步 兵 帽 
itm_rus_opol_hat_ranker|奥 普 罗 彻 尼 耶 帽 
itm_rus_opol_hat_ranker_pl|奥 普 罗 彻 尼 耶 帽 
itm_rus_opol_hat_officer|奥 普 罗 彻 尼 耶 帽 
itm_rus_opol_hat_officer_pl|奥 普 罗 彻 尼 耶 帽 
itm_bavarian_helmet_other_ranks|巴 伐 利 亚 其 他 等 级 头 盔 
itm_bavarian_helmet_other_ranks_pl|巴 伐 利 亚 其 他 等 级 头 盔 
itm_bavarian_helmet_flagcarrier|巴 伐 利 亚 旗 手 头 盔 
itm_bavarian_helmet_flagcarrier_pl|巴 伐 利 亚 旗 手 头 盔 
itm_bavarian_helmet_officer|巴 伐 利 亚 军 官 头 盔 
itm_bavarian_helmet_officer_pl|巴 伐 利 亚 军 官 头 盔 
itm_bavarian_jaeger_helmet_other_ranks|猎 兵 头 盔 
itm_bavarian_jaeger_helmet_other_ranks_pl|猎 兵 头 盔 
itm_bavarian_jaeger_helmet_officer|猎 兵 头 盔 
itm_bavarian_jaeger_helmet_officer_pl|猎 兵 头 盔 
itm_bavarian_helmet_artillery|炮 兵 头 盔 
itm_bavarian_helmet_artillery_pl|炮 兵 头 盔 
itm_bavarian_helmet_train|炮 兵 头 盔 
itm_bavarian_helmet_train_pl|炮 兵 头 盔 
itm_bavarian_helmet_artillery_officer|炮 兵 头 盔 
itm_bavarian_helmet_artillery_officer_pl|炮 兵 头 盔 
itm_saxon_inf_shako_ranker|步 兵 军 帽 
itm_saxon_inf_shako_ranker_pl|步 兵 军 帽 
itm_saxon_inf_shako_nco|步 兵 军 帽 
itm_saxon_inf_shako_nco_pl|步 兵 军 帽 
itm_saxon_inf_shako_officer|步 兵 军 帽 
itm_saxon_inf_shako_officer_pl|步 兵 军 帽 
itm_saxon_uhlan_shako_ranker|步 兵 军 帽 
itm_saxon_uhlan_shako_ranker_pl|步 兵 军 帽 
itm_saxon_uhlan_shako_ranker_alt|步 兵 军 帽 
itm_saxon_uhlan_shako_ranker_alt_pl|步 兵 军 帽 
itm_saxon_uhlan_shako_nco|步 兵 军 帽 
itm_saxon_uhlan_shako_nco_pl|步 兵 军 帽 
itm_saxon_uhlan_shako_officer|步 兵 军 帽 
itm_saxon_uhlan_shako_officer_pl|步 兵 军 帽 
itm_saxon_uhlan_shako_trumpeter|骑 兵 军 帽 
itm_saxon_uhlan_shako_trumpeter_pl|骑 兵 军 帽 
itm_hessian_inf_shako_ranker|步 兵 军 帽 
itm_hessian_inf_shako_ranker_pl|步 兵 军 帽 
itm_hessian_inf_shako_nco|步 兵 军 帽 
itm_hessian_inf_shako_nco_pl|步 兵 军 帽 
itm_hessian_inf_bicorne_officer|步 兵 双 角 帽 
itm_hessian_inf_bicorne_officer_pl|步 兵 双 角 帽 
itm_rhine_surgeon_hat|军 医 帽 
itm_rhine_surgeon_hat_pl|军 医 帽 
itm_westphalian_hat_ranker|熊 皮 帽 
itm_westphalian_hat_ranker_pl|熊 皮 帽 
itm_westphalian_hat_officer|熊 皮 帽 
itm_westphalian_hat_officer_pl|熊 皮 帽 
itm_saxonyking_hat|腓 特 烈 · 奥 古 斯 特 帽 
itm_saxonyking_hat_pl|腓 特 烈 · 奥 古 斯 特 帽 
itm_nassau_jaeger_hat_ranker|熊 皮 帽 
itm_nassau_jaeger_hat_ranker_pl|熊 皮 帽 
itm_nassau_jaeger_hat_officer|熊 皮 帽 
itm_nassau_jaeger_hat_officer_pl|熊 皮 帽 
itm_wurttemberg_helmet_other_ranks|符 腾 堡 其 他 等 级 头 盔 
itm_wurttemberg_helmet_other_ranks_pl|符 腾 堡 其 他 等 级 头 盔 
itm_wurttemberg_helmet_flagcarrier|符 腾 堡 旗 手 头 盔 
itm_wurttemberg_helmet_flagcarrier_pl|符 腾 堡 旗 手 头 盔 
itm_wurttemberg_helmet_officer|符 腾 堡 军 官 头 盔 
itm_wurttemberg_helmet_officer_pl|符 腾 堡 军 官 头 盔 
itm_wurttemberg2_helmet_other_ranks|符 腾 堡 其 他 等 级 头 盔 
itm_wurttemberg2_helmet_other_ranks_pl|符 腾 堡 其 他 等 级 头 盔 
itm_wurttemberg2_helmet_flagcarrier|符 腾 堡 旗 手 头 盔 
itm_wurttemberg2_helmet_flagcarrier_pl|符 腾 堡 旗 手 头 盔 
itm_wurttemberg2_helmet_officer|符 腾 堡 军 官 头 盔 
itm_wurttemberg2_helmet_officer_pl|符 腾 堡 军 官 头 盔 
itm_berg_pioneer_bearskin|熊 皮 帽 
itm_berg_pioneer_bearskin_pl|熊 皮 帽 
itm_saxon_helmet_other_ranks|萨 克 森 其 他 等 级 头 盔 
itm_saxon_helmet_other_ranks_pl|萨 克 森 其 他 等 级 头 盔 
itm_saxon_helmet_flagcarrier|萨 克 森 旗 手 头 盔 
itm_saxon_helmet_flagcarrier_pl|萨 克 森 旗 手 头 盔 
itm_saxon_helmet_officer|萨 克 森 军 官 头 盔 
itm_saxon_helmet_officer_pl|萨 克 森 军 官 头 盔 
itm_saxon_helmet_trumpeter|萨 克 森 军 官 头 盔 
itm_saxon_helmet_trumpeter_pl|萨 克 森 军 官 头 盔 
itm_westphalian_helmet_other_ranks|威 斯 特 法 伦 其 他 等 级 头 盔 
itm_westphalian_helmet_other_ranks_pl|威 斯 特 法 伦 其 他 等 级 头 盔 
itm_westphalian_helmet_flagcarrier|威 斯 特 法 伦 旗 手 头 盔 
itm_westphalian_helmet_flagcarrier_pl|威 斯 特 法 伦 旗 手 头 盔 
itm_westphalian_helmet_officer|威 斯 特 法 伦 军 官 头 盔 
itm_westphalian_helmet_officer_pl|威 斯 特 法 伦 军 官 头 盔 
itm_westphalian_helmet_trumpeter|威 斯 特 法 伦 军 官 头 盔 
itm_westphalian_helmet_trumpeter_pl|威 斯 特 法 伦 军 官 头 盔 
itm_badner_helmet_flagcarrier|巴 登 旗 手 头 盔 
itm_badner_helmet_flagcarrier_pl|巴 登 旗 手 头 盔 
itm_badner_helmet_officer|巴 登 军 官 头 盔 
itm_badner_helmet_officer_pl|巴 登 军 官 头 盔 
itm_badner_helmet_ranker|巴 登 军 官 头 盔 
itm_badner_helmet_ranker_pl|巴 登 军 官 头 盔 
itm_badner_helmet_trumpeter|巴 登 军 官 头 盔 
itm_badner_helmet_trumpeter_pl|巴 登 军 官 头 盔 
itm_pirate_hat|海 盗 帽 
itm_pirate_hat_pl|海 盗 帽 
itm_french_voltigeur_pants|伏 特 哲 尔 裤 
itm_french_voltigeur_pants_pl|伏 特 哲 尔 裤 
itm_french_voltigeur_officer_pants|步 兵 裤 
itm_french_voltigeur_officer_pants_pl|步 兵 裤 
itm_french_dragoon_pants|骑 兵 靴 
itm_french_dragoon_pants_pl|骑 兵 靴 
itm_french_general_boots|将 军 靴 
itm_french_general_boots_pl|将 军 靴 
itm_french_grenadiers_a_cheval_pants|骑 兵 靴 
itm_french_grenadiers_a_cheval_pants_pl|骑 兵 靴 
itm_french_vistula_pants|黑 森 靴 
itm_french_vistula_pants_pl|黑 森 靴 
itm_french_lancer_pants|骑 兵 裤 
itm_french_lancer_pants_pl|骑 兵 裤 
itm_french_lancer_officer_pants|骑 兵 裤 
itm_french_lancer_officer_pants_pl|骑 兵 裤 
itm_french_hussards_ranker_pants|骑 兵 裤 
itm_french_hussards_ranker_pants_pl|骑 兵 裤 
itm_french_hussards_officer_pants|骑 兵 裤 
itm_french_hussards_officer_pants_pl|骑 兵 裤 
itm_french_hussards_trumpeter_pants|骑 兵 裤 
itm_french_hussards_trumpeter_pants_pl|骑 兵 裤 
itm_french_sappeur_pants|黑 森 靴 
itm_french_sappeur_pants_pl|黑 森 靴 
itm_french_art_ranker_pants|炮 兵 绑 腿 
itm_french_art_ranker_pants_pl|炮 兵 绑 腿 
itm_french_grap_pants|Grenadier 绑 腿 
itm_french_grap_pants_pl|Grenadier 绑 腿 
itm_fr_arty_captain_bottefortes|炮 兵 靴 
itm_fr_arty_captain_bottefortes_pl|炮 兵 靴 
itm_fr_arty_train_bottefortes|炮 兵 靴 
itm_fr_arty_train_bottefortes_pl|炮 兵 靴 
itm_fr_officer_bottefortes|军 官 靴 
itm_fr_officer_bottefortes_pl|军 官 靴 
itm_french_captain_pants|军 官 靴 
itm_french_captain_pants_pl|军 官 靴 
itm_french_basic_infantry_pants|步 兵 靴 
itm_french_basic_infantry_pants_pl|步 兵 靴 
itm_french_captain_pants_blue|军 官 靴 
itm_french_captain_pants_blue_pl|军 官 靴 
itm_french_equipage_batallion_pants|步 兵 靴 
itm_french_equipage_batallion_pants_pl|步 兵 靴 
itm_french_sailor_pants|步 兵 靴 
itm_french_sailor_pants_pl|步 兵 靴 
itm_french_sailor_pants_female|步 兵 靴 
itm_french_sailor_pants_female_pl|步 兵 靴 
itm_french_surgeon_pants|军 医 裤 
itm_french_surgeon_pants_pl|军 医 裤 
itm_rus_infantry_pants1|步 兵 绑 腿 
itm_rus_infantry_pants1_pl|步 兵 绑 腿 
itm_rus_infantry_pants2|步 兵 靴 
itm_rus_infantry_pants2_pl|步 兵 靴 
itm_rus_hussar_pants1|骑 兵 绑 腿 
itm_rus_hussar_pants1_pl|骑 兵 绑 腿 
itm_rus_hussar_pants2|骑 兵 绑 腿 
itm_rus_hussar_pants2_pl|骑 兵 绑 腿 
itm_rus_hussar_pants_nco|黑 森 轻 骑 兵 裤 
itm_rus_hussar_pants_nco_pl|黑 森 轻 骑 兵 裤 
itm_rus_hussar_pants_officer|黑 森 轻 骑 兵 裤 
itm_rus_hussar_pants_officer_pl|黑 森 轻 骑 兵 裤 
itm_rus_horse_guard_pants|骑 兵 靴 
itm_rus_horse_guard_pants_pl|骑 兵 靴 
itm_rus_cossack_off_pants|哥 萨 克 裤 
itm_rus_cossack_off_pants_pl|哥 萨 克 裤 
itm_rus_kutuzov_pants|将 军 靴 
itm_rus_kutuzov_pants_pl|将 军 靴 
itm_rus_militia_off_pants|民 兵 靴 
itm_rus_militia_off_pants_pl|民 兵 靴 
itm_rus_militia_ranker_pants|民 兵 靴 
itm_rus_militia_ranker_pants_pl|民 兵 靴 
itm_rus_militia_ranker_pants1|民 兵 裤 
itm_rus_militia_ranker_pants1_pl|民 兵 裤 
itm_rus_jaeger_pants|纯 毛 靴 
itm_rus_jaeger_pants_pl|纯 毛 靴 
itm_rus_arty_pants|炮 兵 靴 
itm_rus_arty_pants_pl|炮 兵 靴 
itm_rus_dragoon_pants1|骑 兵 绑 腿 
itm_rus_dragoon_pants1_pl|骑 兵 绑 腿 
itm_rus_dragoon_pants2|骑 兵 绑 腿 
itm_rus_dragoon_pants2_pl|骑 兵 绑 腿 
itm_rus_uhlan_pants|骑 兵 绑 腿 
itm_rus_uhlan_pants_pl|骑 兵 绑 腿 
itm_austrian_infantry_pants|步 兵 靴 
itm_austrian_infantry_pants_pl|步 兵 靴 
itm_hungarian_pants|步 兵 鞋 
itm_hungarian_pants_pl|步 兵 鞋 
itm_hungarian_pants_officer|步 兵 靴 
itm_hungarian_pants_officer_pl|步 兵 靴 
itm_austrian_jaeger_pants|纯 毛 靴 
itm_austrian_jaeger_pants_pl|纯 毛 靴 
itm_austrian_jaeger_pants_officer|纯 毛 靴 
itm_austrian_jaeger_pants_officer_pl|纯 毛 靴 
itm_hungarian_hussar_pants|黑 森 轻 骑 兵 裤 
itm_hungarian_hussar_pants_pl|黑 森 轻 骑 兵 裤 
itm_hungarian_uhlan_pants|黑 森 轻 骑 兵 裤 
itm_hungarian_uhlan_pants_pl|黑 森 轻 骑 兵 裤 
itm_austrian_schwarzenberg_pants|施 瓦 岑 贝 格 裤 
itm_austrian_schwarzenberg_pants_pl|施 瓦 岑 贝 格 裤 
itm_austrian_officer_boots|步 兵 靴 
itm_austrian_officer_boots_pl|步 兵 靴 
itm_austrian_cavalry_boots|骑 兵 靴 
itm_austrian_cavalry_boots_pl|骑 兵 靴 
itm_british_highland_kilt|褶 裙 
itm_british_highland_kilt_pl|褶 裙 
itm_british_highland_kilt_2|褶 裙 
itm_british_highland_kilt_2_pl|褶 裙 
itm_british_highland_kilt_officer|褶 裙 
itm_british_highland_kilt_officer_pl|褶 裙 
itm_british_rifle_captain_pants|步 枪 兵 绑 腿 
itm_british_rifle_captain_pants_pl|步 枪 兵 绑 腿 
itm_british_rifle_pants_green|步 枪 兵 靴 
itm_british_rifle_pants_green_pl|步 枪 兵 靴 
itm_british_rifle_pants_grey|步 枪 兵 靴 
itm_british_rifle_pants_grey_pl|步 枪 兵 靴 
itm_british_rifle_pants_rolled|步 枪 兵 裤 
itm_british_rifle_pants_rolled_pl|步 枪 兵 裤 
itm_british_coldstream_pants|步 兵 裤 
itm_british_coldstream_pants_pl|步 兵 裤 
itm_british_sapper_pants|工 兵 裤 
itm_british_sapper_pants_pl|工 兵 裤 
itm_british_wellington_pants|惠 灵 顿 裤 
itm_british_wellington_pants_pl|惠 灵 顿 裤 
itm_british_light_dragoon_pants|轻 骑 兵 裤 
itm_british_light_dragoon_pants_pl|轻 骑 兵 裤 
itm_british_rocketeer_pants|骑 兵 裤 
itm_british_rocketeer_pants_pl|骑 兵 裤 
itm_british_cav_pants|骑 兵 裤 
itm_british_cav_pants_pl|骑 兵 裤 
itm_british_kgl_hussar_pants|骑 兵 绑 腿 
itm_british_kgl_hussar_pants_pl|骑 兵 绑 腿 
itm_british_kgl_hussar_officer_pants|骑 兵 绑 腿 
itm_british_kgl_hussar_officer_pants_pl|骑 兵 绑 腿 
itm_british_captain_legs|英 国 队 长 绑 腿 
itm_british_captain_legs_pl|英 国 队 长 绑 腿 
itm_sailor_pants|水 兵 绑 腿 
itm_sailor_pants_pl|水 兵 绑 腿 
itm_sailor_pants_female|女 性 水 兵 绑 腿 
itm_sailor_pants_female_pl|女 性 水 兵 绑 腿 
itm_prussian_infantry_pants|步 兵 靴 
itm_prussian_infantry_pants_pl|步 兵 靴 
itm_prussian_jaeger_pants|步 兵 靴 
itm_prussian_jaeger_pants_pl|步 兵 靴 
itm_prussian_landwehr_pants|后 备 兵 裤 
itm_prussian_landwehr_pants_pl|后 备 兵 裤 
itm_prussian_landwehr_pants2|后 备 兵 裤 
itm_prussian_landwehr_pants2_pl|后 备 兵 裤 
itm_prussian_blucher_pants|布 卢 彻 裤 
itm_prussian_blucher_pants_pl|布 卢 彻 裤 
itm_prussian_cavalry_pants|骑 兵 裤 
itm_prussian_cavalry_pants_pl|骑 兵 裤 
itm_prussian_cavalry_pants2|骑 兵 裤 
itm_prussian_cavalry_pants2_pl|骑 兵 裤 
itm_prussian_hussar_pants|骑 兵 长 靴 
itm_prussian_hussar_pants_pl|骑 兵 长 靴 
itm_prussian_hussar_pants_officer|黑 森 骑 兵 靴 
itm_prussian_hussar_pants_officer_pl|黑 森 骑 兵 靴 
itm_prussian_freikorps_pants|自 由 军 团 裤 
itm_prussian_freikorps_pants_pl|自 由 军 团 裤 
itm_bavarian_infantry_pants|步 兵 靴 
itm_bavarian_infantry_pants_pl|步 兵 靴 
itm_bavarian_pants_officer|步 兵 靴 
itm_bavarian_pants_officer_pl|步 兵 靴 
itm_bavarian_artillery_pants|炮 兵 裤 
itm_bavarian_artillery_pants_pl|炮 兵 裤 
itm_bavarian_artillery_pants_officer|炮 兵 靴 
itm_bavarian_artillery_pants_officer_pl|炮 兵 靴 
itm_saxon_uhlan_pants|骑 兵 靴 
itm_saxon_uhlan_pants_pl|骑 兵 靴 
itm_saxon_uhlan_pants_alt|骑 兵 靴 
itm_saxon_uhlan_pants_alt_pl|骑 兵 靴 
itm_saxon_uhlan_pants_officer|骑 兵 靴 
itm_saxon_uhlan_pants_officer_pl|骑 兵 靴 
itm_hessian_infantry_pants|步 兵 靴 
itm_hessian_infantry_pants_pl|步 兵 靴 
itm_hessian_infantry_pants_officer|步 兵 靴 
itm_hessian_infantry_pants_officer_pl|步 兵 靴 
itm_nassau_jaeger_pants|骑 兵 靴 
itm_nassau_jaeger_pants_pl|骑 兵 靴 
itm_nassau_jaeger_pants_officer|骑 兵 靴 
itm_nassau_jaeger_pants_officer_pl|骑 兵 靴 
itm_wurttemberg_pants_all_ranks|步 兵 靴 
itm_wurttemberg_pants_all_ranks_pl|步 兵 靴 
itm_wurttemberg_pants_officer|步 兵 靴 
itm_wurttemberg_pants_officer_pl|步 兵 靴 
itm_wurttemberg_grenadier_pants|步 兵 靴 
itm_wurttemberg_grenadier_pants_pl|步 兵 靴 
itm_berg_pioneer_pants|步 兵 靴 
itm_berg_pioneer_pants_pl|步 兵 靴 
itm_garde_du_corps_pants_ranker|骑 兵 靴 
itm_garde_du_corps_pants_ranker_pl|骑 兵 靴 
itm_garde_du_corps_pants|骑 兵 靴 
itm_garde_du_corps_pants_pl|骑 兵 靴 
itm_baden_dragoon_pants|骑 兵 靴 
itm_baden_dragoon_pants_pl|骑 兵 靴 
itm_officer_gloves|军 官 手 套 
itm_officer_gloves_pl|军 官 手 套 
itm_drummer_gloves|鼓 手 手 套 
itm_drummer_gloves_pl|鼓 手 手 套 
itm_rus_chevgarde_gloves|手 套 
itm_rus_chevgarde_gloves_pl|手 套 
itm_fr_cuirassier_gloves|手 套 
itm_fr_cuirassier_gloves_pl|手 套 
itm_fr_artillery_gloves|手 套 
itm_fr_artillery_gloves_pl|手 套 
itm_br_cavalry_gloves|手 套 
itm_br_cavalry_gloves_pl|手 套 
itm_br_horseguard_gloves|手 套 
itm_br_horseguard_gloves_pl|手 套 
itm_br_cavalry_gloves_short|手 套 
itm_br_cavalry_gloves_short_pl|手 套 
itm_br_horseguard_gloves_short|手 套 
itm_br_horseguard_gloves_short_pl|手 套 
itm_hussar_horse_french|轻 型 马 
itm_hussar_horse_french_pl|轻 型 马 
itm_hussar_horse_french_trumpet|轻 型 马 
itm_hussar_horse_french_trumpet_pl|轻 型 马 
itm_lancer_horse_french|轻 型 马 
itm_lancer_horse_french_pl|轻 型 马 
itm_lancer_horse_french_trumpet|轻 型 马 
itm_lancer_horse_french_trumpet_pl|轻 型 马 
itm_dragoon_horse_french|中 型 马 
itm_dragoon_horse_french_pl|中 型 马 
itm_dragoon_horse_french_trumpet|中 型 马 
itm_dragoon_horse_french_trumpet_pl|中 型 马 
itm_cuirassier_horse_french|重 型 马 
itm_cuirassier_horse_french_pl|重 型 马 
itm_cuirassier_horse_french_officer|重 型 马 
itm_cuirassier_horse_french_officer_pl|重 型 马 
itm_cuirassier_horse_french_trumpet|重 型 马 
itm_cuirassier_horse_french_trumpet_pl|重 型 马 
itm_carabineer_horse_french|重 型 马 
itm_carabineer_horse_french_pl|重 型 马 
itm_carabineer_horse_french_officer|重 型 马 
itm_carabineer_horse_french_officer_pl|重 型 马 
itm_carabineer_horse_french_trumpet|重 型 马 
itm_carabineer_horse_french_trumpet_pl|重 型 马 
itm_heavy_horse_french|重 型 马 
itm_heavy_horse_french_pl|重 型 马 
itm_heavy_horse_french_trumpet|重 型 马 
itm_heavy_horse_french_trumpet_pl|重 型 马 
itm_lightdragoon_horse_britain_1|轻 型 马 
itm_lightdragoon_horse_britain_1_pl|轻 型 马 
itm_lightdragoon_horse_britain_2|轻 型 马 
itm_lightdragoon_horse_britain_2_pl|轻 型 马 
itm_lightdragoon_horse_britain_3|轻 型 马 
itm_lightdragoon_horse_britain_3_pl|轻 型 马 
itm_lightdragoon_horse_britain_4|轻 型 马 
itm_lightdragoon_horse_britain_4_pl|轻 型 马 
itm_kgl_horse_britain|轻 型 马 
itm_kgl_horse_britain_pl|轻 型 马 
itm_heavydragoon_horse_britain|重 型 马 
itm_heavydragoon_horse_britain_pl|重 型 马 
itm_heavy_horse_britain|重 型 马 
itm_heavy_horse_britain_pl|重 型 马 
itm_lancer_horse_prussia_1|轻 型 马 
itm_lancer_horse_prussia_1_pl|轻 型 马 
itm_lancer_horse_prussia_2|轻 型 马 
itm_lancer_horse_prussia_2_pl|轻 型 马 
itm_hussar_horse_prussia_1|轻 型 马 
itm_hussar_horse_prussia_1_pl|轻 型 马 
itm_hussar_horse_prussia_2|轻 型 马 
itm_hussar_horse_prussia_2_pl|轻 型 马 
itm_dragoon_horse_prussia_1|中 型 马 
itm_dragoon_horse_prussia_1_pl|中 型 马 
itm_dragoon_horse_prussia_2|中 型 马 
itm_dragoon_horse_prussia_2_pl|中 型 马 
itm_heavy_horse_prussia_1|重 型 马 
itm_heavy_horse_prussia_1_pl|重 型 马 
itm_heavy_horse_prussia_2|重 型 马 
itm_heavy_horse_prussia_2_pl|重 型 马 
itm_cossack_horse_russia_1|轻 型 马 
itm_cossack_horse_russia_1_pl|轻 型 马 
itm_cossack_horse_russia_2|轻 型 马 
itm_cossack_horse_russia_2_pl|轻 型 马 
itm_cossack_horse_russia_3|轻 型 马 
itm_cossack_horse_russia_3_pl|轻 型 马 
itm_cossack_horse_russia_4|轻 型 马 
itm_cossack_horse_russia_4_pl|轻 型 马 
itm_lancer_horse_russia|轻 型 马 
itm_lancer_horse_russia_pl|轻 型 马 
itm_hussar_horse_russia|轻 型 马 
itm_hussar_horse_russia_pl|轻 型 马 
itm_dragoon_horse_russia|中 型 马 
itm_dragoon_horse_russia_pl|中 型 马 
itm_heavy_horse_russia|重 型 马 
itm_heavy_horse_russia_pl|重 型 马 
itm_lancer_horse_austria|轻 型 马 
itm_lancer_horse_austria_pl|轻 型 马 
itm_hussar_horse_austria|轻 型 马 
itm_hussar_horse_austria_pl|轻 型 马 
itm_lightcav_horse_austria|轻 型 马 
itm_lightcav_horse_austria_pl|轻 型 马 
itm_dragoon_horse_austria|中 型 马 
itm_dragoon_horse_austria_pl|中 型 马 
itm_heavy_horse_austria|重 型 马 
itm_heavy_horse_austria_pl|重 型 马 
itm_lancer_horse_rhine|轻 型 马 
itm_lancer_horse_rhine_pl|轻 型 马 
itm_lancer_horse_rhine_officer|轻 型 马 
itm_lancer_horse_rhine_officer_pl|轻 型 马 
itm_hussar_horse_rhine|轻 型 马 
itm_hussar_horse_rhine_pl|轻 型 马 
itm_hussar_horse_rhine_officer|轻 型 马 
itm_hussar_horse_rhine_officer_pl|轻 型 马 
itm_lightcav_horse_rhine|轻 型 马 
itm_lightcav_horse_rhine_pl|轻 型 马 
itm_cuirassier_horse_rhine|重 型 马 
itm_cuirassier_horse_rhine_pl|重 型 马 
itm_cuirassier_horse_rhine_officer|重 型 马 
itm_cuirassier_horse_rhine_officer_pl|重 型 马 
itm_garde_du_corps_horse_rhine|重 型 马 
itm_garde_du_corps_horse_rhine_pl|重 型 马 
itm_garde_du_corps_horse_rhine_officer|重 型 马 
itm_garde_du_corps_horse_rhine_officer_pl|重 型 马 
itm_lancer_horse_placeholder|轻 型 马 
itm_lancer_horse_placeholder_pl|轻 型 马 
itm_hussar_horse_placeholder|轻 型 马 
itm_hussar_horse_placeholder_pl|轻 型 马 
itm_dragoon_horse_placeholder|中 型 马 
itm_dragoon_horse_placeholder_pl|中 型 马 
itm_heavy_horse_placeholder|重 型 马 
itm_heavy_horse_placeholder_pl|重 型 马 
itm_admin_horse|管 理 员 之 马 
itm_admin_horse_pl|管 理 员 之 马 
itm_arty_horse_cannon_french|炮 兵 马 
itm_arty_horse_cannon_french_pl|炮 兵 马 
itm_arty_horse_cannon_british|炮 兵 马 
itm_arty_horse_cannon_british_pl|炮 兵 马 
itm_arty_horse_cannon_russian|炮 兵 马 
itm_arty_horse_cannon_russian_pl|炮 兵 马 
itm_arty_horse_cannon_austrian|炮 兵 马 
itm_arty_horse_cannon_austrian_pl|炮 兵 马 
itm_arty_horse_cannon_prussian|炮 兵 马 
itm_arty_horse_cannon_prussian_pl|炮 兵 马 
itm_arty_horse_howitzer_french|炮 兵 马 
itm_arty_horse_howitzer_french_pl|炮 兵 马 
itm_arty_horse_howitzer_british|炮 兵 马 
itm_arty_horse_howitzer_british_pl|炮 兵 马 
itm_arty_horse_howitzer_russian|炮 兵 马 
itm_arty_horse_howitzer_russian_pl|炮 兵 马 
itm_arty_horse_howitzer_austrian|炮 兵 马 
itm_arty_horse_howitzer_austrian_pl|炮 兵 马 
itm_arty_horse_howitzer_prussian|炮 兵 马 
itm_arty_horse_howitzer_prussian_pl|炮 兵 马 
itm_items_end|Items End 
itm_items_end_pl|Items End 
