trp_player|玩 家 
trp_player_pl|玩 家 
trp_multiplayer_profile_troop_male|multiplayer profile troop male
trp_multiplayer_profile_troop_male_pl|multiplayer profile troop male 
trp_multiplayer_profile_troop_female|multiplayer profile troop female 
trp_multiplayer_profile_troop_female_pl|multiplayer profile troop female 
trp_temp_troop|Temp Troop 
trp_temp_troop_pl|Temp Troop 
trp_british_infantry_ai|英 国 线 列 步 兵 
trp_british_infantry_ai_pl|线 列 步 兵 
trp_british_infantry2_ai|英 王 德 意 志 线 列 步 兵 
trp_british_infantry2_ai_pl|线 列 步 兵 （ 英 王 德 意 志 ） 
trp_british_highlander_ai|英 国 高 地 步 兵 
trp_british_highlander_ai_pl|高 地 步 兵 
trp_british_foot_guard_ai|英 国 近 卫 步 兵 
trp_british_foot_guard_ai_pl|近 卫 步 兵 
trp_british_light_infantry_ai|英 国 轻 步 兵 
trp_british_light_infantry_ai_pl|轻 步 兵 
trp_british_rifle_ai|英 国 来 复 枪 兵 
trp_british_rifle_ai_pl|来 复 枪 兵 
trp_british_hussar_ai|英 王 德 意 志 骠 骑 兵 
trp_british_hussar_ai_pl|骠 骑 兵 （ 英 王 德 意 志 ） 
trp_british_light_dragoon_ai|英 国 轻 龙 骑 兵 
trp_british_light_dragoon_ai_pl|轻 龙 骑 兵 
trp_british_dragoon_ai|英 国 龙 骑 兵 
trp_british_dragoon_ai_pl|重 龙 骑 兵 
trp_british_horseguard_ai|英 国 近 卫 骑 兵 
trp_british_horseguard_ai_pl|近 卫 骑 兵 
trp_british_ship_ai|英 国 水 手 
trp_british_ship_ai_pl|水 手 
trp_british_ship_marine_ai|英 国 水 兵 
trp_british_ship_marine_ai_pl|水 兵 
trp_british_arty_ai|英 国 炮 兵 
trp_british_arty_ai_pl|炮 兵 （ 加 农 炮 ） 
trp_british_arty_alt_ai|英 国 炮 兵 
trp_british_arty_alt_ai_pl|炮 兵 （ 榴 弹 炮 ） 
trp_british_rocket_ai|英 国 火 箭 炮 兵 
trp_british_rocket_ai_pl|火 箭 炮 兵 
trp_french_infantry_ai|法 国 线 列 步 兵 
trp_french_infantry_ai_pl|线 列 步 兵 
trp_french_infantry2_ai|法 国 掷 弹 兵 
trp_french_infantry2_ai_pl|掷 弹 兵 
trp_french_infantry_vistula_ai|波 兰 线 列 步 兵 
trp_french_infantry_vistula_ai_pl|线 列 步 兵 （ 波 兰 ） 
trp_french_old_guard_ai|法 国 近 卫 掷 弹 兵 
trp_french_old_guard_ai_pl|近 卫 掷 弹 兵 
trp_french_voltigeur_ai|法 国 尖 兵 
trp_french_voltigeur_ai_pl|尖 兵 
trp_french_hussar_ai|法 国 骠 骑 兵 
trp_french_hussar_ai_pl|骠 骑 兵 
trp_french_lancer_ai|波 兰 枪 骑 兵 
trp_french_lancer_ai_pl|枪 骑 兵 （ 波 兰 ） 
trp_french_dragoon_ai|法 国 龙 骑 兵 
trp_french_dragoon_ai_pl|龙 骑 兵 
trp_french_cuirassier_ai|法 国 胸 甲 骑 兵 
trp_french_cuirassier_ai_pl|胸 甲 骑 兵 
trp_french_carabineer_ai|法 国 卡 宾 枪 骑 兵 
trp_french_carabineer_ai_pl|卡 宾 枪 骑 兵 
trp_french_grenadier_a_cheval_ai|法 国 掷 弹 骑 兵 
trp_french_grenadier_a_cheval_ai_pl|掷 弹 骑 兵 
trp_french_ship_ai|法 国 水 手 
trp_french_ship_ai_pl|水 手 
trp_french_ship_marine_ai|法 国 水 兵 
trp_french_ship_marine_ai_pl|水 兵 
trp_french_arty_ai|法 国 炮 兵 
trp_french_arty_ai_pl|炮 兵 （ 加 农 炮 ） 
trp_french_arty_alt_ai|法 国 炮 兵 
trp_french_arty_alt_ai_pl|炮 兵 （ 榴 弹 炮 ） 
trp_prussian_infantry_ai|普 鲁 士 线 列 步 兵 
trp_prussian_infantry_ai_pl|线 列 步 兵 （ 勃 兰 登 堡 ） 
trp_prussian_infantry2_ai|普 鲁 士 线 列 步 兵 
trp_prussian_infantry2_ai_pl|线 列 步 兵 （ 莱 茵 ） 
trp_prussian_infantry_kurmark_ai|普 鲁 士 后 备 兵 
trp_prussian_infantry_kurmark_ai_pl|后 备 兵 
trp_prussian_infantry_freikorps_ai|普 鲁 士 志 愿 兵 
trp_prussian_infantry_freikorps_ai_pl|志 愿 兵 
trp_prussian_infantry_15_ai|普 鲁 士 近 卫 步 兵 
trp_prussian_infantry_15_ai_pl|近 卫 步 兵 
trp_prussian_infantry_rifle_ai|普 鲁 士 猎 兵 
trp_prussian_infantry_rifle_ai_pl|猎 兵 
trp_prussian_dragoon_ai|普 鲁 士 龙 骑 兵 
trp_prussian_dragoon_ai_pl|龙 骑 兵 
trp_prussian_hussar_ai|普 鲁 士 骠 骑 兵 
trp_prussian_hussar_ai_pl|骠 骑 兵 
trp_prussian_landwehr_cav_ai|普 鲁 士 枪 骑 兵 
trp_prussian_landwehr_cav_ai_pl|枪 骑 兵 
trp_prussian_cuirassier_ai|普 鲁 士 胸 甲 骑 兵 
trp_prussian_cuirassier_ai_pl|胸 甲 骑 兵 
trp_prussian_arty_ai|普 鲁 士 炮 兵 
trp_prussian_arty_ai_pl|炮 兵 （ 加 农 炮 ） 
trp_prussian_arty_alt_ai|普 鲁 士 炮 兵 
trp_prussian_arty_alt_ai_pl|炮 兵 （ 榴 弹 炮 ） 
trp_russian_partizan_ai|俄 罗 斯 游 击 队 员 
trp_russian_partizan_ai_pl|游 击 队 员 
trp_russian_opol_ai|俄 罗 斯 民 兵 
trp_russian_opol_ai_pl|线 列 民 兵 
trp_russian_infantry_ai|俄 罗 斯 线 列 步 兵 
trp_russian_infantry_ai_pl|线 列 步 兵 
trp_russian_grenadier_ai|俄 罗 斯 掷 弹 兵 
trp_russian_grenadier_ai_pl|掷 弹 兵 
trp_russian_foot_guard_ai|俄 罗 斯 近 卫 步 兵 
trp_russian_foot_guard_ai_pl|近 卫 步 兵 
trp_russian_infantry_rifle_ai|俄 罗 斯 猎 兵 
trp_russian_infantry_rifle_ai_pl|猎 兵 
trp_russian_hussar_ai|俄 罗 斯 骠 骑 兵 
trp_russian_hussar_ai_pl|骠 骑 兵 
trp_russian_uhlan_ai|俄 罗 斯 枪 骑 兵 
trp_russian_uhlan_ai_pl|枪 骑 兵 
trp_russian_cossack_ai|俄 罗 斯 哥 萨 克 骑 兵 
trp_russian_cossack_ai_pl|哥 萨 克 骑 兵 
trp_russian_dragoon_ai|俄 罗 斯 龙 骑 兵 
trp_russian_dragoon_ai_pl|龙 骑 兵 
trp_russian_horse_guard_ai|俄 罗 斯 近 卫 骑 兵 
trp_russian_horse_guard_ai_pl|近 卫 骑 兵 
trp_russian_arty_ai|俄 罗 斯 炮 兵 
trp_russian_arty_ai_pl|炮 兵 （ 加 农 炮 ） 
trp_russian_arty_alt_ai|俄 罗 斯 炮 兵 
trp_russian_arty_alt_ai_pl|炮 兵 （ 榴 弹 炮 ） 
trp_austrian_infantry_ai|奥 地 利 线 列 步 兵 
trp_austrian_infantry_ai_pl|线 列 步 兵 
trp_austrian_infantry2_ai|匈 牙 利 线 列 步 兵 
trp_austrian_infantry2_ai_pl|线 列 步 兵 （ 匈 牙 利 ） 
trp_austrian_grenzer_ai|奥 地 利 边 防 兵 
trp_austrian_grenzer_ai_pl|边 防 兵 
trp_austrian_grenadier_ai|匈 牙 利 掷 弹 兵 
trp_austrian_grenadier_ai_pl|掷 弹 兵 （ 匈 牙 利 ） 
trp_austrian_infantry_rifle_ai|奥 地 利 猎 兵 
trp_austrian_infantry_rifle_ai_pl|猎 兵 
trp_austrian_hussar_ai|匈 牙 利 骠 骑 兵 
trp_austrian_hussar_ai_pl|骠 骑 兵 （ 匈 牙 利 ） 
trp_austrian_uhlan_ai|奥 地 利 枪 骑 兵 
trp_austrian_uhlan_ai_pl|枪 骑 兵 
trp_austrian_light_horse_ai|奥 地 利 轻 龙 骑 兵 
trp_austrian_light_horse_ai_pl|轻 龙 骑 兵 
trp_austrian_dragoon_ai|奥 地 利 龙 骑 兵 
trp_austrian_dragoon_ai_pl|龙 骑 兵 
trp_austrian_cuirassier_ai|奥 地 利 胸 甲 骑 兵 
trp_austrian_cuirassier_ai_pl|胸 甲 骑 兵 
trp_austrian_arty_ai|奥 地 利 炮 兵 
trp_austrian_arty_ai_pl|炮 兵 （ 加 农 炮 ） 
trp_austrian_arty_alt_ai|奥 地 利 炮 兵 
trp_austrian_arty_alt_ai_pl|炮 兵 （ 榴 弹 炮 ） 
trp_rhine_infantry_bavaria_ai|巴 伐 利 亚 线 列 步 兵 
trp_rhine_infantry_bavaria_ai_pl|线 列 步 兵 （ 巴 伐 利 亚 ） 
trp_rhine_infantry_wurttemberg_ai|符 腾 堡 线 列 步 兵 
trp_rhine_infantry_wurttemberg_ai_pl|线 列 步 兵 （ 符 腾 堡 ） 
trp_rhine_infantry_saxony_ai|萨 克 森 线 列 步 兵 
trp_rhine_infantry_saxony_ai_pl|线 列 步 兵 （ 萨 克 森 ） 
trp_rhine_infantry_wurttemberg2_ai|符 腾 堡 掷 弹 兵 
trp_rhine_infantry_wurttemberg2_ai_pl|掷 弹 兵 （ 符 腾 堡 ） 
trp_rhine_grenadier_guard_ai|威 斯 特 法 伦 近 卫 掷 弹 兵 
trp_rhine_grenadier_guard_ai_pl|近 卫 掷 弹 兵 （ 威 斯 特 法 伦 ） 
trp_rhine_light_infantry_hessen_ai|黑 森 轻 步 兵 
trp_rhine_light_infantry_hessen_ai_pl|轻 步 兵 （ 黑 森 ） 
trp_rhine_light_infantry_bavaria_ai|巴 伐 利 亚 来 复 枪 兵 
trp_rhine_light_infantry_bavaria_ai_pl|来 复 枪 兵 （ 巴 伐 利 亚 ） 
trp_rhine_mounted_jaeger_ai|拿 骚 猎 骑 兵 
trp_rhine_mounted_jaeger_ai_pl|猎 骑 兵 （ 拿 骚 ） 
trp_rhine_uhlan_ai|萨 克 森 枪 骑 兵 
trp_rhine_uhlan_ai_pl|枪 骑 兵 （ 萨 克 森 ） 
trp_rhine_light_dragoon_ai|巴 登 轻 龙 骑 兵 
trp_rhine_light_dragoon_ai_pl|轻 龙 骑 兵 （ 巴 登 ） 
trp_rhine_cuirassier_ai|威 斯 特 法 伦 胸 甲 骑 兵 
trp_rhine_cuirassier_ai_pl|胸 甲 骑 兵 （ 威 斯 特 法 伦 ） 
trp_rhine_garde_du_corps_ai|萨 克 森 近 卫 骑 兵 
trp_rhine_garde_du_corps_ai_pl|近 卫 骑 兵 （ 萨 克 森 ） 
trp_rhine_arty_ai|巴 伐 利 亚 炮 兵 
trp_rhine_arty_ai_pl|炮 兵 （ 加 农 炮 ） （ 巴 伐 利 亚 ） 
trp_rhine_arty_alt_ai|巴 伐 利 亚 炮 兵 
trp_rhine_arty_alt_ai_pl|炮 兵 （ 榴 弹 炮 ） （ 巴 伐 利 亚 ） 
trp_british_infantry|第 33步 兵 团 
trp_british_infantry_pl|线 列 步 兵 
trp_british_infantry_nco|英 国 线 列 步 兵 
trp_british_infantry_nco_pl|旗 手 
trp_british_infantry_officer|英 国 线 列 步 兵 
trp_british_infantry_officer_pl|军 官 
trp_british_infantry_drum|英 国 线 列 步 兵 
trp_british_infantry_drum_pl|鼓 手 
trp_british_infantry_flute|英 国 线 列 步 兵 
trp_british_infantry_flute_pl|笛 手 
trp_british_infantry2|英 王 德 意 志 军 团 第 5线 列 营 
trp_british_infantry2_pl|线 列 步 兵 
trp_british_infantry2_nco|英 王 德 意 志 线 列 步 兵 
trp_british_infantry2_nco_pl|旗 手 
trp_british_infantry2_officer|英 王 德 意 志 线 列 步 兵 
trp_british_infantry2_officer_pl|军 官 
trp_british_infantry2_drum|英 王 德 意 志 线 列 步 兵 
trp_british_infantry2_drum_pl|鼓 手 
trp_british_infantry2_flute|英 王 德 意 志 线 列 步 兵 
trp_british_infantry2_flute_pl|笛 手 
trp_british_highlander|第 42步 兵 团 （ 黑 守 卫 ） 
trp_british_highlander_pl|线 列 步 兵 
trp_british_highlander_nco|英 国 高 地 步 兵 
trp_british_highlander_nco_pl|旗 手 
trp_british_highlander_officer|英 国 高 地 步 兵 
trp_british_highlander_officer_pl|军 官 
trp_british_highlander_drum|英 国 高 地 步 兵 
trp_british_highlander_drum_pl|鼓 手 
trp_british_highlander_pipes|英 国 高 地 步 兵 
trp_british_highlander_pipes_pl|风 笛 手 
trp_british_foot_guard|冷 溪 近 卫 步 兵 团 
trp_british_foot_guard_pl|近 卫 步 兵 
trp_british_foot_guard_nco|英 国 近 卫 步 兵 
trp_british_foot_guard_nco_pl|旗 手 
trp_british_foot_guard_officer|英 国 近 卫 步 兵 
trp_british_foot_guard_officer_pl|军 官 
trp_british_foot_guard_drum|英 国 近 卫 步 兵 
trp_british_foot_guard_drum_pl|鼓 手 
trp_british_foot_guard_flute|英 国 近 卫 步 兵 
trp_british_foot_guard_flute_pl|笛 手 
trp_british_light_infantry|第 51（ 第 2约 克 郡 西 区 ） 步 兵 团 
trp_british_light_infantry_pl|轻 步 兵 
trp_british_light_infantry_nco|英 国 轻 步 兵 
trp_british_light_infantry_nco_pl|旗 手 
trp_british_light_infantry_officer|英 国 轻 步 兵 
trp_british_light_infantry_officer_pl|军 官 
trp_british_light_infantry_horn|英 国 轻 步 兵 
trp_british_light_infantry_horn_pl|号 手 
trp_british_rifle|第 95步 兵 团 （ 来 复 枪 ） 
trp_british_rifle_pl|来 复 枪 兵 
trp_british_rifle_nco|英 国 来 复 枪 兵 
trp_british_rifle_nco_pl|军 士 
trp_british_rifle_officer|英 国 来 复 枪 兵 
trp_british_rifle_officer_pl|军 官 
trp_british_rifle_horn|英 国 来 复 枪 兵 
trp_british_rifle_horn_pl|号 手 
trp_british_hussar|英 王 德 意 志 军 团 第 1骠 骑 兵 团 
trp_british_hussar_pl|骠 骑 兵 
trp_british_hussar_nco|英 王 德 意 志 骠 骑 兵 
trp_british_hussar_nco_pl|军 士 
trp_british_hussar_officer|英 王 德 意 志 骠 骑 兵 
trp_british_hussar_officer_pl|军 官 
trp_british_hussar_bugle|英 王 德 意 志 骠 骑 兵 
trp_british_hussar_bugle_pl|号 手 
trp_british_light_dragoon|第 23轻 龙 骑 兵 团 
trp_british_light_dragoon_pl|轻 龙 骑 兵 
trp_british_light_dragoon_nco|英 国 轻 龙 骑 兵 
trp_british_light_dragoon_nco_pl|军 士 
trp_british_light_dragoon_officer|英 国 轻 龙 骑 兵 
trp_british_light_dragoon_officer_pl|军 官 
trp_british_light_dragoon_bugle|英 国 轻 龙 骑 兵 
trp_british_light_dragoon_bugle_pl|号 手 
trp_british_dragoon|第 6（ 恩 尼 斯 基 林 ） 龙 骑 兵 团 
trp_british_dragoon_pl|重 骑 兵 
trp_british_dragoon_nco|英 国 龙 骑 兵 
trp_british_dragoon_nco_pl|军 士 
trp_british_dragoon_officer|英 国 龙 骑 兵 
trp_british_dragoon_officer_pl|军 官 
trp_british_dragoon_bugle|英 国 龙 骑 兵 
trp_british_dragoon_bugle_pl|号 手 
trp_british_horseguard|皇 家 近 卫 骑 兵 团 （ 蓝 ） 
trp_british_horseguard_pl|重 骑 兵 
trp_british_horseguard_nco|英 国 近 卫 骑 兵 
trp_british_horseguard_nco_pl|军 士 
trp_british_horseguard_officer|英 国 近 卫 骑 兵 
trp_british_horseguard_officer_pl|军 官 
trp_british_horseguard_bugle|英 国 近 卫 骑 兵 
trp_british_horseguard_bugle_pl|号 手 
trp_british_arty|皇 家 炮 兵 团 
trp_british_arty_pl|炮 兵 
trp_british_arty_guard|炮 兵 护 卫 
trp_british_arty_guard_pl|炮 兵 护 卫 
trp_british_arty_nco|英 国 炮 兵 
trp_british_arty_nco_pl|炮 兵 辎 重 
trp_british_arty_officer|英 国 炮 兵 
trp_british_arty_officer_pl|军 官 
trp_british_rocket|第 2火 箭 炮 兵 连 
trp_british_rocket_pl|火 箭 炮 兵 
trp_british_medic|军 医 
trp_british_medic_pl|军 医 
trp_british_sapper|工 兵 
trp_british_sapper_pl|工 兵 
trp_british_ship|船 员 
trp_british_ship_pl|步 兵 
trp_british_ship_cannon|船 员 
trp_british_ship_cannon_pl|海 军 炮 兵 
trp_british_ship_marine|船 员 
trp_british_ship_marine_pl|皇 家 海 军 第 1营 水 兵 
trp_british_ship_captain|船 员 
trp_british_ship_captain_pl|海 王 星 号 舰 长 
trp_wellington|阿 瑟 · 韦 尔 斯 利 ， 威 灵 顿 公 爵 
trp_wellington_pl|指 挥 官 
trp_french_infantry|第 45线 列 步 兵 团 
trp_french_infantry_pl|线 列 步 兵 
trp_french_infantry_nco|法 国 线 列 步 兵 
trp_french_infantry_nco_pl|鹰 旗 手 
trp_french_infantry_officer|法 国 线 列 步 兵 
trp_french_infantry_officer_pl|军 官 
trp_french_infantry_drum|法 国 线 列 步 兵 
trp_french_infantry_drum_pl|鼓 手 
trp_french_infantry_flute|法 国 线 列 步 兵 
trp_french_infantry_flute_pl|笛 手 
trp_french_infantry2|第 84线 列 步 兵 团 
trp_french_infantry2_pl|线 列 步 兵 
trp_french_infantry2_nco|法 国 掷 弹 兵 
trp_french_infantry2_nco_pl|鹰 旗 手 
trp_french_infantry2_officer|法 国 掷 弹 兵 
trp_french_infantry2_officer_pl|军 官 
trp_french_infantry2_drum|法 国 掷 弹 兵 
trp_french_infantry2_drum_pl|鼓 手 
trp_french_infantry2_flute|法 国 掷 弹 兵 
trp_french_infantry2_flute_pl|笛 手 
trp_french_infantry_vistula|维 斯 杜 拉 军 团 
trp_french_infantry_vistula_pl|线 列 步 兵 
trp_french_infantry_vistula_colours|波 兰 线 列 步 兵 
trp_french_infantry_vistula_colours_pl|鹰 旗 手 
trp_french_infantry_vistula_officer|波 兰 线 列 步 兵 
trp_french_infantry_vistula_officer_pl|军 官 
trp_french_infantry_vistula_drum|波 兰 线 列 步 兵 
trp_french_infantry_vistula_drum_pl|鼓 手 
trp_french_infantry_vistula_flute|波 兰 线 列 步 兵 
trp_french_infantry_vistula_flute_pl|笛 手 
trp_french_old_guard|帝 国 近 卫 军 第 1掷 弹 兵 团 
trp_french_old_guard_pl|近 卫 步 兵 
trp_french_old_guard_nco|法 国 近 卫 掷 弹 兵 
trp_french_old_guard_nco_pl|鹰 旗 手 
trp_french_old_guard_officer|法 国 近 卫 掷 弹 兵 
trp_french_old_guard_officer_pl|军 官 
trp_french_old_guard_drum|法 国 近 卫 掷 弹 兵 
trp_french_old_guard_drum_pl|鼓 手 
trp_french_old_guard_flute|法 国 近 卫 掷 弹 兵 
trp_french_old_guard_flute_pl|笛 手 
trp_french_voltigeur|第 15轻 步 兵 团 
trp_french_voltigeur_pl|轻 步 兵 
trp_french_voltigeur_colours|法 国 尖 兵 
trp_french_voltigeur_colours_pl|鹰 旗 手 
trp_french_voltigeur_officer|法 国 尖 兵 
trp_french_voltigeur_officer_pl|军 官 
trp_french_voltigeur_horn|法 国 尖 兵 
trp_french_voltigeur_horn_pl|号 手 
trp_french_hussar|第 2骠 骑 兵 团 
trp_french_hussar_pl|骠 骑 兵 
trp_french_hussar_nco|法 国 骠 骑 兵 
trp_french_hussar_nco_pl|鹰 旗 手 
trp_french_hussar_officer|法 国 骠 骑 兵 
trp_french_hussar_officer_pl|军 官 
trp_french_hussar_trumpet|法 国 骠 骑 兵 
trp_french_hussar_trumpet_pl|号 手 
trp_french_lancer|帝 国 近 卫 军 波 兰 枪 骑 兵 团 
trp_french_lancer_pl|枪 骑 兵 
trp_french_lancer_nco|波 兰 枪 骑 兵 
trp_french_lancer_nco_pl|鹰 旗 手 
trp_french_lancer_officer|波 兰 枪 骑 兵 
trp_french_lancer_officer_pl|军 官 
trp_french_lancer_trumpet|波 兰 枪 骑 兵 
trp_french_lancer_trumpet_pl|号 手 
trp_french_dragoon|皇 后 龙 骑 兵 团 
trp_french_dragoon_pl|龙 骑 兵 
trp_french_dragoon_nco|法 国 龙 骑 兵 
trp_french_dragoon_nco_pl|鹰 旗 手 
trp_french_dragoon_officer|法 国 龙 骑 兵 
trp_french_dragoon_officer_pl|军 官 
trp_french_dragoon_trumpet|法 国 龙 骑 兵 
trp_french_dragoon_trumpet_pl|号 手 
trp_french_cuirassier|第 9胸 甲 骑 兵 团 
trp_french_cuirassier_pl|胸 甲 骑 兵 
trp_french_cuirassier_nco|法 国 胸 甲 骑 兵 
trp_french_cuirassier_nco_pl|鹰 旗 手 
trp_french_cuirassier_officer|法 国 胸 甲 骑 兵 
trp_french_cuirassier_officer_pl|军 官 
trp_french_cuirassier_trumpet|法 国 胸 甲 骑 兵 
trp_french_cuirassier_trumpet_pl|号 手 
trp_french_carabineer|第 1卡 宾 枪 骑 兵 团 
trp_french_carabineer_pl|卡 宾 枪 骑 兵 
trp_french_carabineer_nco|法 国 卡 宾 枪 骑 兵 
trp_french_carabineer_nco_pl|鹰 旗 手 
trp_french_carabineer_officer|法 国 卡 宾 枪 骑 兵 
trp_french_carabineer_officer_pl|军 官 
trp_french_carabineer_trumpet|法 国 卡 宾 枪 骑 兵 
trp_french_carabineer_trumpet_pl|号 手 
trp_french_grenadier_a_cheval|帝 国 近 卫 军 掷 弹 骑 兵 团 
trp_french_grenadier_a_cheval_pl|重 骑 兵 
trp_french_grenadier_a_cheval_nco|法 国 掷 弹 骑 兵 
trp_french_grenadier_a_cheval_nco_pl|鹰 旗 手 
trp_french_grenadier_a_cheval_officer|法 国 掷 弹 骑 兵 
trp_french_grenadier_a_cheval_officer_pl|军 官 
trp_french_grenadier_a_cheval_trumpet|法 国 掷 弹 骑 兵 
trp_french_grenadier_a_cheval_trumpet_pl|号 手 
trp_french_arty|炮 兵 
trp_french_arty_pl|炮 兵 
trp_french_arty_guard|炮 兵 护 卫 
trp_french_arty_guard_pl|炮 兵 护 卫 
trp_french_arty_nco|法 国 炮 兵 
trp_french_arty_nco_pl|炮 兵 辎 重 
trp_french_arty_officer|法 国 炮 兵 
trp_french_arty_officer_pl|军 官 
trp_french_medic|二 级 军 医 
trp_french_medic_pl|军 医 
trp_french_sapper|工 兵 
trp_french_sapper_pl|工 兵 
trp_french_ship|船 员 
trp_french_ship_pl|步 兵 
trp_french_ship_cannon|船 员 
trp_french_ship_cannon_pl|海 军 炮 兵 
trp_french_ship_marine|船 员 
trp_french_ship_marine_pl|海 军 第 24营 水 兵 
trp_french_ship_captain|船 员 
trp_french_ship_captain_pl|无 畏 号 舰 长 
trp_napoleon|拿 破 仑 · 波 拿 巴 大 帝 
trp_napoleon_pl|指 挥 官 
trp_prussian_infantry|第 8勃 兰 登 堡 步 兵 团 
trp_prussian_infantry_pl|线 列 步 兵 
trp_prussian_infantry_nco|普 鲁 士 线 列 步 兵 
trp_prussian_infantry_nco_pl|旗 手 
trp_prussian_infantry_officer|普 鲁 士 线 列 步 兵 
trp_prussian_infantry_officer_pl|军 官 
trp_prussian_infantry_drum|普 鲁 士 线 列 步 兵 
trp_prussian_infantry_drum_pl|鼓 手 
trp_prussian_infantry_flute|普 鲁 士 线 列 步 兵 
trp_prussian_infantry_flute_pl|笛 手 
trp_prussian_infantry2|第 23莱 茵 步 兵 团 
trp_prussian_infantry2_pl|线 列 步 兵 
trp_prussian_infantry2_nco|普 鲁 士 线 列 步 兵 
trp_prussian_infantry2_nco_pl|旗 手 
trp_prussian_infantry2_officer|普 鲁 士 线 列 步 兵 
trp_prussian_infantry2_officer_pl|军 官 
trp_prussian_infantry2_drum|普 鲁 士 线 列 步 兵 
trp_prussian_infantry2_drum_pl|鼓 手 
trp_prussian_infantry2_flute|普 鲁 士 线 列 步 兵 
trp_prussian_infantry2_flute_pl|笛 手 
trp_prussian_infantry_kurmark|第 3库 尔 马 克 后 备 兵 团 
trp_prussian_infantry_kurmark_pl|线 列 步 兵 
trp_prussian_infantry_kurmark_nco|普 鲁 士 后 备 兵 
trp_prussian_infantry_kurmark_nco_pl|旗 手 
trp_prussian_infantry_kurmark_officer|普 鲁 士 后 备 兵 
trp_prussian_infantry_kurmark_officer_pl|军 官 
trp_prussian_infantry_kurmark_drum|普 鲁 士 后 备 兵 
trp_prussian_infantry_kurmark_drum_pl|鼓 手 
trp_prussian_infantry_kurmark_flute|普 鲁 士 后 备 兵 
trp_prussian_infantry_kurmark_flute_pl|笛 手 
trp_prussian_infantry_freikorps|吕 佐 夫 自 由 军 团 
trp_prussian_infantry_freikorps_pl|线 列 步 兵 
trp_prussian_infantry_freikorps_nco|普 鲁 士 志 愿 兵 
trp_prussian_infantry_freikorps_nco_pl|旗 手 
trp_prussian_infantry_freikorps_officer|普 鲁 士 志 愿 兵 
trp_prussian_infantry_freikorps_officer_pl|军 官 
trp_prussian_infantry_freikorps_drum|普 鲁 士 志 愿 兵 
trp_prussian_infantry_freikorps_drum_pl|鼓 手 
trp_prussian_infantry_freikorps_flute|普 鲁 士 志 愿 兵 
trp_prussian_infantry_freikorps_flute_pl|笛 手 
trp_prussian_infantry_15|第 1近 卫 步 兵 团 
trp_prussian_infantry_15_pl|近 卫 步 兵 
trp_prussian_infantry_15_nco|普 鲁 士 近 卫 步 兵 
trp_prussian_infantry_15_nco_pl|旗 手 
trp_prussian_infantry_15_officer|普 鲁 士 近 卫 步 兵 
trp_prussian_infantry_15_officer_pl|军 官 
trp_prussian_infantry_15_drum|普 鲁 士 近 卫 步 兵 
trp_prussian_infantry_15_drum_pl|鼓 手 
trp_prussian_infantry_15_flute|普 鲁 士 近 卫 步 兵 
trp_prussian_infantry_15_flute_pl|笛 手 
trp_prussian_infantry_rifle|西 里 西 亚 猎 兵 营 
trp_prussian_infantry_rifle_pl|来 复 枪 兵 
trp_prussian_infantry_rifle_nco|普 鲁 士 猎 兵 
trp_prussian_infantry_rifle_nco_pl|军 士 
trp_prussian_infantry_rifle_officer|普 鲁 士 猎 兵 
trp_prussian_infantry_rifle_officer_pl|军 官 
trp_prussian_infantry_rifle_horn|普 鲁 士 猎 兵 
trp_prussian_infantry_rifle_horn_pl|号 手 
trp_prussian_dragoon|第 6诺 伊 马 克 龙 骑 兵 团 
trp_prussian_dragoon_pl|龙 骑 兵 
trp_prussian_dragoon_nco|普 鲁 士 龙 骑 兵 
trp_prussian_dragoon_nco_pl|军 士 
trp_prussian_dragoon_officer|普 鲁 士 龙 骑 兵 
trp_prussian_dragoon_officer_pl|军 官 
trp_prussian_dragoon_trumpet|普 鲁 士 龙 骑 兵 
trp_prussian_dragoon_trumpet_pl|号 手 
trp_prussian_hussar|第 1近 卫 骠 骑 兵 团 （ 骷 髅 骠 骑 兵 ） 
trp_prussian_hussar_pl|骠 骑 兵 
trp_prussian_hussar_nco|普 鲁 士 骠 骑 兵 
trp_prussian_hussar_nco_pl|军 士 
trp_prussian_hussar_officer|普 鲁 士 骠 骑 兵 
trp_prussian_hussar_officer_pl|军 官 
trp_prussian_hussar_trumpet|普 鲁 士 骠 骑 兵 
trp_prussian_hussar_trumpet_pl|号 手 
trp_prussian_landwehr_cav|威 斯 特 法 伦 后 备 骑 兵 团 
trp_prussian_landwehr_cav_pl|枪 骑 兵 
trp_prussian_landwehr_cav_nco|普 鲁 士 枪 骑 兵 
trp_prussian_landwehr_cav_nco_pl|军 士 
trp_prussian_landwehr_cav_officer|普 鲁 士 枪 骑 兵 
trp_prussian_landwehr_cav_officer_pl|军 官 
trp_prussian_landwehr_cav_trumpet|普 鲁 士 枪 骑 兵 
trp_prussian_landwehr_cav_trumpet_pl|号 手 
trp_prussian_cuirassier|第 3勃 兰 登 堡 胸 甲 骑 兵 团 
trp_prussian_cuirassier_pl|重 骑 兵 
trp_prussian_cuirassier_nco|普 鲁 士 胸 甲 骑 兵 
trp_prussian_cuirassier_nco_pl|军 士 
trp_prussian_cuirassier_officer|普 鲁 士 胸 甲 骑 兵 
trp_prussian_cuirassier_officer_pl|军 官 
trp_prussian_cuirassier_trumpet|普 鲁 士 胸 甲 骑 兵 
trp_prussian_cuirassier_trumpet_pl|号 手 
trp_prussian_arty|第 36炮 兵 团 
trp_prussian_arty_pl|炮 兵 
trp_prussian_arty_guard|炮 兵 护 卫 
trp_prussian_arty_guard_pl|炮 兵 护 卫 
trp_prussian_arty_nco|普 鲁 士 炮 兵 
trp_prussian_arty_nco_pl|炮 兵 辎 重 
trp_prussian_arty_officer|普 鲁 士 炮 兵 
trp_prussian_arty_officer_pl|军 官 
trp_prussian_medic|军 医 
trp_prussian_medic_pl|军 医 
trp_prussian_sapper|第 4曼 斯 费 尔 德 工 兵 团 
trp_prussian_sapper_pl|工 兵 
trp_prussian_blucher|格 布 哈 德 · 冯 · 布 吕 歇 尔 元 帅 
trp_prussian_blucher_pl|指 挥 官 
trp_russian_partizan|游 击 队 
trp_russian_partizan_pl|游 击 队 员 
trp_russian_opol|圣 彼 德 堡 民 兵 团 
trp_russian_opol_pl|线 列 民 兵 
trp_russian_opol_nco|俄 罗 斯 民 兵 
trp_russian_opol_nco_pl|旗 手 
trp_russian_opol_officer|俄 罗 斯 民 兵 
trp_russian_opol_officer_pl|军 官 
trp_russian_infantry|辛 比 尔 斯 克 步 兵 团 
trp_russian_infantry_pl|线 列 步 兵 
trp_russian_infantry_nco|俄 罗 斯 线 列 步 兵 
trp_russian_infantry_nco_pl|旗 手 
trp_russian_infantry_officer|俄 罗 斯 线 列 步 兵 
trp_russian_infantry_officer_pl|军 官 
trp_russian_infantry_drum|俄 罗 斯 线 列 步 兵 
trp_russian_infantry_drum_pl|鼓 手 
trp_russian_infantry_flute|俄 罗 斯 线 列 步 兵 
trp_russian_infantry_flute_pl|笛 手 
trp_russian_grenadier|巴 甫 洛 夫 斯 克 掷 弹 兵 团 
trp_russian_grenadier_pl|线 列 步 兵 
trp_russian_grenadier_nco|俄 罗 斯 掷 弹 兵 
trp_russian_grenadier_nco_pl|旗 手 
trp_russian_grenadier_officer|俄 罗 斯 掷 弹 兵 
trp_russian_grenadier_officer_pl|军 官 
trp_russian_grenadier_drum|俄 罗 斯 掷 弹 兵 
trp_russian_grenadier_drum_pl|鼓 手 
trp_russian_grenadier_flute|俄 罗 斯 掷 弹 兵 
trp_russian_grenadier_flute_pl|笛 手 
trp_russian_foot_guard|普 列 奥 布 拉 仁 斯 基 近 卫 团 
trp_russian_foot_guard_pl|近 卫 步 兵 
trp_russian_foot_guard_nco|俄 罗 斯 近 卫 步 兵 
trp_russian_foot_guard_nco_pl|旗 手 
trp_russian_foot_guard_officer|俄 罗 斯 近 卫 步 兵 
trp_russian_foot_guard_officer_pl|军 官 
trp_russian_foot_guard_drum|俄 罗 斯 近 卫 步 兵 
trp_russian_foot_guard_drum_pl|鼓 手 
trp_russian_foot_guard_flute|俄 罗 斯 近 卫 步 兵 
trp_russian_foot_guard_flute_pl|笛 手 
trp_russian_infantry_rifle|第 21猎 兵 团 
trp_russian_infantry_rifle_pl|来 复 枪 兵 
trp_russian_infantry_rifle_nco|俄 罗 斯 猎 兵 
trp_russian_infantry_rifle_nco_pl|军 士 
trp_russian_infantry_rifle_officer|俄 罗 斯 猎 兵 
trp_russian_infantry_rifle_officer_pl|军 官 
trp_russian_infantry_rifle_horn|俄 罗 斯 猎 兵 
trp_russian_infantry_rifle_horn_pl|号 手 
trp_russian_hussar|苏 梅 骠 骑 兵 团 
trp_russian_hussar_pl|骠 骑 兵 
trp_russian_hussar_nco|俄 罗 斯 骠 骑 兵 
trp_russian_hussar_nco_pl|旗 手 
trp_russian_hussar_officer|俄 罗 斯 骠 骑 兵 
trp_russian_hussar_officer_pl|军 官 
trp_russian_hussar_trumpet|俄 罗 斯 骠 骑 兵 
trp_russian_hussar_trumpet_pl|号 手 
trp_russian_uhlan|立 陶 宛 枪 骑 兵 团 
trp_russian_uhlan_pl|枪 骑 兵 
trp_russian_uhlan_nco|俄 罗 斯 枪 骑 兵 
trp_russian_uhlan_nco_pl|旗 手 
trp_russian_uhlan_officer|俄 罗 斯 枪 骑 兵 
trp_russian_uhlan_officer_pl|军 官 
trp_russian_uhlan_trumpet|俄 罗 斯 枪 骑 兵 
trp_russian_uhlan_trumpet_pl|号 手 
trp_russian_cossack|顿 河 哥 萨 克 骑 兵 团 
trp_russian_cossack_pl|枪 骑 兵 
trp_russian_cossack_nco|俄 罗 斯 哥 萨 克 骑 兵 
trp_russian_cossack_nco_pl|军 士 
trp_russian_cossack_officer|俄 罗 斯 哥 萨 克 骑 兵 
trp_russian_cossack_officer_pl|军 官 
trp_russian_dragoon|基 辅 龙 骑 兵 团 
trp_russian_dragoon_pl|龙 骑 兵 
trp_russian_dragoon_nco|俄 罗 斯 龙 骑 兵 
trp_russian_dragoon_nco_pl|旗 手 
trp_russian_dragoon_officer|俄 罗 斯 龙 骑 兵 
trp_russian_dragoon_officer_pl|军 官 
trp_russian_dragoon_trumpet|俄 罗 斯 龙 骑 兵 
trp_russian_dragoon_trumpet_pl|号 手 
trp_russian_horse_guard|近 卫 骑 兵 团 
trp_russian_horse_guard_pl|胸 甲 骑 兵 
trp_russian_horse_guard_nco|俄 罗 斯 近 卫 骑 兵 
trp_russian_horse_guard_nco_pl|旗 手 
trp_russian_horse_guard_officer|俄 罗 斯 近 卫 骑 兵 
trp_russian_horse_guard_officer_pl|军 官 
trp_russian_horse_guard_trumpet|俄 罗 斯 近 卫 骑 兵 
trp_russian_horse_guard_trumpet_pl|号 手 
trp_russian_arty|第 8炮 兵 连 
trp_russian_arty_pl|炮 兵 
trp_russian_arty_guard|炮 兵 护 卫 
trp_russian_arty_guard_pl|炮 兵 护 卫 
trp_russian_arty_nco|俄 罗 斯 炮 兵 
trp_russian_arty_nco_pl|炮 兵 辎 重 
trp_russian_arty_officer|俄 罗 斯 炮 兵 
trp_russian_arty_officer_pl|军 官 
trp_russian_medic|军 医 
trp_russian_medic_pl|军 医 
trp_russian_sapper|工 兵 
trp_russian_sapper_pl|工 兵 
trp_kutuzov|米 哈 伊 尔 · 库 图 佐 夫 元 帅 
trp_kutuzov_pl|指 挥 官 
trp_austrian_infantry|第 14鲁 道 夫 大 公 步 兵 团 
trp_austrian_infantry_pl|线 列 步 兵 
trp_austrian_infantry_nco|奥 地 利 线 列 步 兵 
trp_austrian_infantry_nco_pl|旗 手 
trp_austrian_infantry_officer|奥 地 利 线 列 步 兵 
trp_austrian_infantry_officer_pl|军 官 
trp_austrian_infantry_drum|奥 地 利 线 列 步 兵 
trp_austrian_infantry_drum_pl|鼓 手 
trp_austrian_infantry_flute|奥 地 利 线 列 步 兵 
trp_austrian_infantry_flute_pl|笛 手 
trp_austrian_infantry2|第 62冯 · 华 康 德 男 爵 步 兵 团 
trp_austrian_infantry2_pl|线 列 步 兵 
trp_austrian_infantry2_nco|匈 牙 利 线 列 步 兵 
trp_austrian_infantry2_nco_pl|旗 手 
trp_austrian_infantry2_officer|匈 牙 利 线 列 步 兵 
trp_austrian_infantry2_officer_pl|军 官 
trp_austrian_infantry2_drum|匈 牙 利 线 列 步 兵 
trp_austrian_infantry2_drum_pl|鼓 手 
trp_austrian_infantry2_flute|匈 牙 利 线 列 步 兵 
trp_austrian_infantry2_flute_pl|笛 手 
trp_austrian_grenzer|第 3奥 古 林 边 防 团 
trp_austrian_grenzer_pl|线 列 /轻 步 兵 
trp_austrian_grenzer_nco|奥 地 利 边 防 兵 
trp_austrian_grenzer_nco_pl|旗 手 
trp_austrian_grenzer_officer|奥 地 利 边 防 兵 
trp_austrian_grenzer_officer_pl|军 官 
trp_austrian_grenzer_drum|奥 地 利 边 防 兵 
trp_austrian_grenzer_drum_pl|鼓 手 
trp_austrian_grenzer_flute|奥 地 利 边 防 兵 
trp_austrian_grenzer_flute_pl|笛 手 
trp_austrian_grenadier|珀 塞 尔 掷 弹 兵 营 
trp_austrian_grenadier_pl|近 卫 步 兵 
trp_austrian_grenadier_nco|匈 牙 利 掷 弹 兵 
trp_austrian_grenadier_nco_pl|旗 手 
trp_austrian_grenadier_officer|匈 牙 利 掷 弹 兵 
trp_austrian_grenadier_officer_pl|军 官 
trp_austrian_grenadier_drum|匈 牙 利 掷 弹 兵 
trp_austrian_grenadier_drum_pl|鼓 手 
trp_austrian_grenadier_flute|匈 牙 利 掷 弹 兵 
trp_austrian_grenadier_flute_pl|笛 手 
trp_austrian_infantry_rifle|第 2猎 兵 营 
trp_austrian_infantry_rifle_pl|来 复 枪 兵 
trp_austrian_infantry_rifle_nco|奥 地 利 猎 兵 
trp_austrian_infantry_rifle_nco_pl|军 士 
trp_austrian_infantry_rifle_officer|奥 地 利 猎 兵 
trp_austrian_infantry_rifle_officer_pl|军 官 
trp_austrian_infantry_rifle_horn|奥 地 利 猎 兵 
trp_austrian_infantry_rifle_horn_pl|号 手 
trp_austrian_hussar|第 4冯 · 黑 森 -洪 堡 伯 爵 骠 骑 兵 团 
trp_austrian_hussar_pl|骠 骑 兵 
trp_austrian_hussar_nco|匈 牙 利 骠 骑 兵 
trp_austrian_hussar_nco_pl|旗 手 
trp_austrian_hussar_officer|匈 牙 利 骠 骑 兵 
trp_austrian_hussar_officer_pl|军 官 
trp_austrian_hussar_trumpet|匈 牙 利 骠 骑 兵 
trp_austrian_hussar_trumpet_pl|号 手 
trp_austrian_uhlan|第 2施 瓦 岑 贝 格 亲 王 枪 骑 兵 团 
trp_austrian_uhlan_pl|枪 骑 兵 
trp_austrian_uhlan_nco|奥 地 利 枪 骑 兵 
trp_austrian_uhlan_nco_pl|旗 手 
trp_austrian_uhlan_officer|奥 地 利 枪 骑 兵 
trp_austrian_uhlan_officer_pl|军 官 
trp_austrian_uhlan_trumpet|奥 地 利 枪 骑 兵 
trp_austrian_uhlan_trumpet_pl|号 手 
trp_austrian_light_horse|第 2冯 · 霍 亨 索 伦 亲 王 轻 骑 兵 团 
trp_austrian_light_horse_pl|轻 龙 骑 兵 
trp_austrian_light_horse_nco|奥 地 利 轻 龙 骑 兵 
trp_austrian_light_horse_nco_pl|旗 手 
trp_austrian_light_horse_officer|奥 地 利 轻 龙 骑 兵 
trp_austrian_light_horse_officer_pl|军 官 
trp_austrian_light_horse_trumpet|奥 地 利 轻 龙 骑 兵 
trp_austrian_light_horse_trumpet_pl|号 手 
trp_austrian_dragoon|第 5斐 迪 南 大 公 龙 骑 兵 团 
trp_austrian_dragoon_pl|龙 骑 兵 
trp_austrian_dragoon_nco|奥 地 利 龙 骑 兵 
trp_austrian_dragoon_nco_pl|旗 手 
trp_austrian_dragoon_officer|奥 地 利 龙 骑 兵 
trp_austrian_dragoon_officer_pl|军 官 
trp_austrian_dragoon_trumpet|奥 地 利 龙 骑 兵 
trp_austrian_dragoon_trumpet_pl|号 手 
trp_austrian_cuirassier|第 1弗 朗 茨 皇 帝 胸 甲 骑 兵 团 
trp_austrian_cuirassier_pl|胸 甲 骑 兵 
trp_austrian_cuirassier_nco|奥 地 利 胸 甲 骑 兵 
trp_austrian_cuirassier_nco_pl|旗 手 
trp_austrian_cuirassier_officer|奥 地 利 胸 甲 骑 兵 
trp_austrian_cuirassier_officer_pl|军 官 
trp_austrian_cuirassier_trumpet|奥 地 利 胸 甲 骑 兵 
trp_austrian_cuirassier_trumpet_pl|号 手 
trp_austrian_arty|第 7洛 林 亲 王 炮 兵 团 
trp_austrian_arty_pl|炮 兵 
trp_austrian_arty_guard|炮 兵 护 卫 
trp_austrian_arty_guard_pl|炮 兵 护 卫 
trp_austrian_arty_nco|奥 地 利 炮 兵 
trp_austrian_arty_nco_pl|炮 兵 辎 重 
trp_austrian_arty_officer|奥 地 利 炮 兵 
trp_austrian_arty_officer_pl|军 官 
trp_austrian_medic|军 医 
trp_austrian_medic_pl|军 医 
trp_austrian_sapper|第 1工 兵 营 
trp_austrian_sapper_pl|工 兵 
trp_schwarzenberg|卡 尔 · 菲 利 普 ， 施 瓦 岑 贝 格 亲 王 
trp_schwarzenberg_pl|指 挥 官 
trp_rhine_infantry_bavaria|巴 伐 利 亚 第 2王 储 步 兵 团 
trp_rhine_infantry_bavaria_pl|线 列 步 兵 
trp_rhine_infantry_bavaria_nco|巴 伐 利 亚 线 列 步 兵 
trp_rhine_infantry_bavaria_nco_pl|旗 手 
trp_rhine_infantry_bavaria_officer|巴 伐 利 亚 线 列 步 兵 
trp_rhine_infantry_bavaria_officer_pl|军 官 
trp_rhine_infantry_bavaria_drum|巴 伐 利 亚 线 列 步 兵 
trp_rhine_infantry_bavaria_drum_pl|鼓 手 
trp_rhine_infantry_bavaria_flute|巴 伐 利 亚 线 列 步 兵 
trp_rhine_infantry_bavaria_flute_pl|笛 手 
trp_rhine_infantry_wurttemberg|符 腾 堡 第 2威 廉 公 爵 步 兵 团 
trp_rhine_infantry_wurttemberg_pl|线 列 步 兵 
trp_rhine_infantry_wurttemberg_nco|符 腾 堡 线 列 步 兵 
trp_rhine_infantry_wurttemberg_nco_pl|旗 手 
trp_rhine_infantry_wurttemberg_officer|符 腾 堡 线 列 步 兵 
trp_rhine_infantry_wurttemberg_officer_pl|军 官 
trp_rhine_infantry_wurttemberg_drum|符 腾 堡 线 列 步 兵 
trp_rhine_infantry_wurttemberg_drum_pl|鼓 手 
trp_rhine_infantry_wurttemberg_flute|符 腾 堡 线 列 步 兵 
trp_rhine_infantry_wurttemberg_flute_pl|笛 手 
trp_rhine_infantry_saxony|萨 克 森 腓 特 烈 · 奥 古 斯 特 亲 王 步 兵 团 
trp_rhine_infantry_saxony_pl|线 列 步 兵 
trp_rhine_infantry_saxony_nco|萨 克 森 线 列 步 兵 
trp_rhine_infantry_saxony_nco_pl|旗 手 
trp_rhine_infantry_saxony_officer|萨 克 森 线 列 步 兵 
trp_rhine_infantry_saxony_officer_pl|军 官 
trp_rhine_infantry_saxony_drum|萨 克 森 线 列 步 兵 
trp_rhine_infantry_saxony_drum_pl|鼓 手 
trp_rhine_infantry_saxony_flute|萨 克 森 线 列 步 兵 
trp_rhine_infantry_saxony_flute_pl|笛 手 
trp_rhine_infantry_wurttemberg2|符 腾 堡 第 4冯 · 弗 兰 克 蒙 特 步 兵 团 
trp_rhine_infantry_wurttemberg2_pl|线 列 步 兵 
trp_rhine_infantry_wurttemberg2_nco|符 腾 堡 掷 弹 兵 
trp_rhine_infantry_wurttemberg2_nco_pl|旗 手 
trp_rhine_infantry_wurttemberg2_officer|符 腾 堡 掷 弹 兵 
trp_rhine_infantry_wurttemberg2_officer_pl|军 官 
trp_rhine_infantry_wurttemberg2_drum|符 腾 堡 掷 弹 兵 
trp_rhine_infantry_wurttemberg2_drum_pl|鼓 手 
trp_rhine_infantry_wurttemberg2_flute|符 腾 堡 掷 弹 兵 
trp_rhine_infantry_wurttemberg2_flute_pl|笛 手 
trp_rhine_grenadier_guard|威 斯 特 法 伦 近 卫 掷 弹 兵 团 
trp_rhine_grenadier_guard_pl|近 卫 步 兵 
trp_rhine_grenadier_guard_nco|威 斯 特 法 伦 近 卫 掷 弹 兵 
trp_rhine_grenadier_guard_nco_pl|旗 手 
trp_rhine_grenadier_guard_officer|威 斯 特 法 伦 近 卫 掷 弹 兵 
trp_rhine_grenadier_guard_officer_pl|军 官 
trp_rhine_grenadier_guard_drum|威 斯 特 法 伦 近 卫 掷 弹 兵 
trp_rhine_grenadier_guard_drum_pl|鼓 手 
trp_rhine_grenadier_guard_flute|威 斯 特 法 伦 近 卫 掷 弹 兵 
trp_rhine_grenadier_guard_flute_pl|笛 手 
trp_rhine_light_infantry_hessen|黑 森 -达 姆 施 塔 特 大 世 袭 亲 王 步 兵 团 
trp_rhine_light_infantry_hessen_pl|轻 步 兵 
trp_rhine_light_infantry_hessen_nco|黑 森 轻 步 兵 
trp_rhine_light_infantry_hessen_nco_pl|旗 手 
trp_rhine_light_infantry_hessen_officer|黑 森 轻 步 兵 
trp_rhine_light_infantry_hessen_officer_pl|军 官 
trp_rhine_light_infantry_hessen_horn|黑 森 轻 步 兵 
trp_rhine_light_infantry_hessen_horn_pl|号 手 
trp_rhine_light_infantry_bavaria|巴 伐 利 亚 第 7轻 步 兵 营 
trp_rhine_light_infantry_bavaria_pl|轻 步 兵 /来 复 枪 兵 
trp_rhine_light_infantry_bavaria_nco|巴 伐 利 亚 来 复 枪 兵 
trp_rhine_light_infantry_bavaria_nco_pl|军 士 
trp_rhine_light_infantry_bavaria_officer|巴 伐 利 亚 来 复 枪 兵 
trp_rhine_light_infantry_bavaria_officer_pl|军 官 
trp_rhine_light_infantry_bavaria_horn|巴 伐 利 亚 来 复 枪 兵 
trp_rhine_light_infantry_bavaria_horn_pl|号 手 
trp_rhine_mounted_jaeger|拿 骚 猎 骑 兵 团 
trp_rhine_mounted_jaeger_pl|骠 骑 兵 
trp_rhine_mounted_jaeger_nco|拿 骚 猎 骑 兵 
trp_rhine_mounted_jaeger_nco_pl|军 士 
trp_rhine_mounted_jaeger_officer|拿 骚 猎 骑 兵 
trp_rhine_mounted_jaeger_officer_pl|军 官 
trp_rhine_mounted_jaeger_trumpet|拿 骚 猎 骑 兵 
trp_rhine_mounted_jaeger_trumpet_pl|号 手 
trp_rhine_uhlan|萨 克 森 克 莱 门 斯 亲 王 枪 骑 兵 团 
trp_rhine_uhlan_pl|枪 骑 兵 
trp_rhine_uhlan_nco|萨 克 森 枪 骑 兵 
trp_rhine_uhlan_nco_pl|旗 手 
trp_rhine_uhlan_officer|萨 克 森 枪 骑 兵 
trp_rhine_uhlan_officer_pl|军 官 
trp_rhine_uhlan_trumpet|萨 克 森 枪 骑 兵 
trp_rhine_uhlan_trumpet_pl|号 手 
trp_rhine_light_dragoon|巴 登 轻 龙 骑 兵 团 
trp_rhine_light_dragoon_pl|轻 龙 骑 兵 
trp_rhine_light_dragoon_nco|巴 登 轻 龙 骑 兵 
trp_rhine_light_dragoon_nco_pl|旗 手 
trp_rhine_light_dragoon_officer|巴 登 轻 龙 骑 兵 
trp_rhine_light_dragoon_officer_pl|军 官 
trp_rhine_light_dragoon_trumpet|巴 登 轻 龙 骑 兵 
trp_rhine_light_dragoon_trumpet_pl|号 手 
trp_rhine_cuirassier|威 斯 特 法 伦 第 1胸 甲 骑 兵 团 
trp_rhine_cuirassier_pl|胸 甲 骑 兵 
trp_rhine_cuirassier_nco|威 斯 特 法 伦 胸 甲 骑 兵 
trp_rhine_cuirassier_nco_pl|旗 手 
trp_rhine_cuirassier_officer|威 斯 特 法 伦 胸 甲 骑 兵 
trp_rhine_cuirassier_officer_pl|军 官 
trp_rhine_cuirassier_trumpet|威 斯 特 法 伦 胸 甲 骑 兵 
trp_rhine_cuirassier_trumpet_pl|号 手 
trp_rhine_garde_du_corps|萨 克 森 近 卫 骑 兵 团 
trp_rhine_garde_du_corps_pl|重 骑 兵 
trp_rhine_garde_du_corps_nco|萨 克 森 近 卫 骑 兵 
trp_rhine_garde_du_corps_nco_pl|旗 手 
trp_rhine_garde_du_corps_officer|萨 克 森 近 卫 骑 兵 
trp_rhine_garde_du_corps_officer_pl|军 官 
trp_rhine_garde_du_corps_trumpet|萨 克 森 近 卫 骑 兵 
trp_rhine_garde_du_corps_trumpet_pl|号 手 
trp_rhine_arty|巴 伐 利 亚 炮 兵 团 
trp_rhine_arty_pl|炮 兵 
trp_rhine_arty_guard|巴 伐 利 亚 炮 兵 护 卫 
trp_rhine_arty_guard_pl|炮 兵 护 卫 
trp_rhine_arty_nco|巴 伐 利 亚 炮 兵 
trp_rhine_arty_nco_pl|炮 兵 辎 重 
trp_rhine_arty_officer|巴 伐 利 亚 炮 兵 
trp_rhine_arty_officer_pl|军 官 
trp_rhine_medic|法 国 二 级 军 医 
trp_rhine_medic_pl|军 医 
trp_rhine_sapper|贝 格 工 兵 
trp_rhine_sapper_pl|工 兵 
trp_friedrich_august|腓 特 烈 · 奥 古 斯 特 一 世 ， 萨 克 森 国 王 
trp_friedrich_august_pl|指 挥 官 
trp_british_arty_commander|皇 家 炮 兵 团 
trp_british_arty_commander_pl|军 官 
trp_british_arty_alt_commander|皇 家 炮 兵 团 
trp_british_arty_alt_commander_pl|军 官 
trp_french_arty_commander|炮 兵 
trp_french_arty_commander_pl|军 官 
trp_french_arty_alt_commander|炮 兵 
trp_french_arty_alt_commander_pl|军 官 
trp_prussian_arty_commander|第 36炮 兵 团 
trp_prussian_arty_commander_pl|军 官 
trp_prussian_arty_alt_commander|第 36炮 兵 团 
trp_prussian_arty_alt_commander_pl|军 官 
trp_russian_arty_commander|炮 兵 
trp_russian_arty_commander_pl|军 官 
trp_russian_arty_alt_commander|炮 兵 
trp_russian_arty_alt_commander_pl|军 官 
trp_austrian_arty_commander|第 7洛 林 亲 王 炮 兵 团 
trp_austrian_arty_commander_pl|军 官 
trp_austrian_arty_alt_commander|第 7洛 林 亲 王 炮 兵 团
trp_austrian_arty_alt_commander_pl|军 官 
trp_rhine_arty_commander|巴 伐 利 亚 炮 兵 
trp_rhine_arty_commander_pl|军 官 
trp_rhine_arty_alt_commander|巴 伐 利 亚 炮 兵 
trp_rhine_arty_alt_commander_pl|军 官 
trp_quick_battle_troop_britain_1|阿 瑟 · 韦 尔 斯 利 
trp_quick_battle_troop_britain_1_pl|将 军 
trp_quick_battle_troop_france_1|拿 破 仑 · 波 拿 巴 
trp_quick_battle_troop_france_1_pl|皇 帝 
trp_quick_battle_troop_prussia_1|格 布 哈 德 · 冯 · 布 吕 歇 尔 
trp_quick_battle_troop_prussia_1_pl|将 军 
trp_quick_battle_troop_russia_1|米 哈 伊 尔 · 库 图 佐 夫 
trp_quick_battle_troop_russia_1_pl|将 军 
trp_quick_battle_troop_austria_1|卡 尔 · 菲 利 普 
trp_quick_battle_troop_austria_1_pl|将 军 
trp_quick_battle_troop_rhine_1|腓 特 烈 · 奥 古 斯 特 
trp_quick_battle_troop_rhine_1_pl|将 军 
trp_companion_1|拉 斐 尔 · 马 丁 
trp_companion_1_pl|拉 斐 尔 · 马 丁 
trp_companion_2|克 莱 门 特 · 伯 纳 德 
trp_companion_2_pl|克 莱 门 特 · 伯 纳 德 
trp_companion_3|马 克 西 姆 · 汉 穆 尼 · 胥 密 特 
trp_companion_3_pl|马 克 西 姆 · 佩 蒂 特 
trp_companion_4|亚 历 山 大 · 杜 兰 德 
trp_companion_4_pl|亚 历 山 大 · 杜 兰 德 
trp_companion_5|安 托 万 · 理 查 德 
trp_companion_5_pl|安 托 万 · 理 查 德 
trp_companion_6|亚 历 克 西 斯 · 莫 罗 
trp_companion_6_pl|亚 历 克 西 斯 · 莫 罗 
trp_companion_7|朱 尔 斯 · 杜 波 依 斯 
trp_companion_7_pl|朱 尔 斯 · 杜 波 依 斯 
trp_companion_8|利 玛 窦 · 罗 伯 特 
trp_companion_8_pl|利 玛 窦 · 罗 伯 特 
trp_companion_9|朱 利 安 · 洛 朗 
trp_companion_9_pl|朱 利 安 · 洛 朗 
trp_companion_10|塞 缪 尔 · 西 蒙 
trp_companion_10_pl|塞 缪 尔 · 西 蒙 
trp_companion_11|诺 埃 · 米 歇 尔 
trp_companion_11_pl|诺 埃 · 米 歇 尔 
trp_companion_12|克 朗 丹 · 勒 鲁 瓦 
trp_companion_12_pl|克 朗 丹 · 勒 鲁 瓦 
trp_companion_13|杰 里 米 · 加 西 亚 
trp_companion_13_pl|杰 里 米 · 加 西 亚 
trp_companion_14|查 尔 斯 · 勒 费 弗 尔 
trp_companion_14_pl|查 尔 斯 · 勒 费 弗 尔 
trp_companion_15|艾 洛 特 · 卢 克 斯 
trp_companion_15_pl|艾 洛 特 · 卢 克 斯 
trp_companion_16|西 奥 · 大 卫 
trp_companion_16_pl|西 奥 · 大 卫 
trp_companion_17|罗 曼 · 贝 特 朗 
trp_companion_17_pl|罗 曼 · 贝 特 朗 
trp_companion_18|昆 汀 · 富 尼 耶 
trp_companion_18_pl|昆 汀 · 富 尼 耶 
trp_companion_19|吉 拉 德 · 巴 蒂 斯 特 
trp_companion_19_pl|吉 拉 德 · 巴 蒂 斯 特 
trp_companion_20|瓦 伦 丁 · 邦 尼 特 
trp_companion_20_pl|瓦 伦 丁 · 邦 尼 特 
trp_companion_21|尼 科 · 坎 普 斯 
trp_companion_21_pl|尼 古 拉 斯 · 莫 雷 尔 
trp_companion_22|米 欧 · 卢 梭 
trp_companion_22_pl|米 欧 · 卢 梭 
trp_companion_23|皮 埃 尔 · 兰 伯 特 
trp_companion_23_pl|皮 埃 尔 · 兰 伯 特 
trp_companion_24|马 吕 斯 · 布 莱 克 
trp_companion_24_pl|马 吕 斯 · 布 莱 克 
trp_companion_25|雷 米 · 托 马 斯 
trp_companion_25_pl|雷 米 · 托 马 斯 
trp_companion_26|本 杰 明 · 阿 奎 隆 
trp_companion_26_pl|本 杰 明 · 阿 奎 隆 
trp_companion_27|马 克 桑 斯 · 加 德 
trp_companion_27_pl|马 克 桑 斯 · 加 德 
trp_companion_28|阿 克 塞 尔 · 勒 米 厄 
trp_companion_28_pl|阿 克 塞 尔 · 勒 米 厄 
trp_companion_29|朱 尔 斯 · 普 朗 
trp_companion_29_pl|朱 尔 斯 · 普 朗 
trp_companion_30|马 丁 · 罗 氏 
trp_companion_30_pl|马 丁 · 罗 氏 
trp_companions_end|companions end 
trp_companions_end_pl|companions end 
trp_walker_french_infantry|步 兵 
trp_walker_french_infantry_pl|步 兵 
trp_walker_french_voltigeur|尖 兵 
trp_walker_french_voltigeur_pl|尖 兵 
trp_walker_french_hussar|骠 骑 兵 
trp_walker_french_hussar_pl|骠 骑 兵 
trp_walker_french_officer|军 官 
trp_walker_french_officer_pl|军 官 
trp_walker_messenger|信 差 
trp_walker_messenger_pl|信 差 
trp_walker_peasant_male|农 民 
trp_walker_peasant_male_pl|农 民 
trp_walker_peasant_female|农 民 
trp_walker_peasant_female_pl|农 民 
trp_walkers_end|walkers end 
trp_walkers_end_pl|walkers end 
trp_camp_armorer|裁 缝 
trp_camp_weaponsmith|武 器 商 人 
trp_camp_horse_merchant|马 匹 商 人 
trp_merchants_end|merchants_end 
trp_merchants_end_pl|merchants_end 
